-- --------------------------------------------------------
-- 호스트:                          127.0.0.1
-- 서버 버전:                        10.6.5-MariaDB - mariadb.org binary distribution
-- 서버 OS:                        Win64
-- HeidiSQL 버전:                  11.3.0.6295
-- --------------------------------------------------------

/*!40101 SET @OLD_CHARACTER_SET_CLIENT=@@CHARACTER_SET_CLIENT */;
/*!40101 SET NAMES utf8 */;
/*!50503 SET NAMES utf8mb4 */;
/*!40014 SET @OLD_FOREIGN_KEY_CHECKS=@@FOREIGN_KEY_CHECKS, FOREIGN_KEY_CHECKS=0 */;
/*!40101 SET @OLD_SQL_MODE=@@SQL_MODE, SQL_MODE='NO_AUTO_VALUE_ON_ZERO' */;
/*!40111 SET @OLD_SQL_NOTES=@@SQL_NOTES, SQL_NOTES=0 */;


-- okeedokee 데이터베이스 구조 내보내기
CREATE DATABASE IF NOT EXISTS `okeedokee` /*!40100 DEFAULT CHARACTER SET utf8mb3 */;
USE `okeedokee`;

-- 테이블 okeedokee.member 구조 내보내기
CREATE TABLE IF NOT EXISTS `member` (
  `mnum` int(10) NOT NULL AUTO_INCREMENT,
  `id` varchar(30) DEFAULT NULL,
  `name` varchar(10) DEFAULT NULL,
  `pw` varchar(40) DEFAULT NULL,
  `address` varchar(255) NOT NULL,
  `email` varchar(30) DEFAULT NULL,
  `phNum` varchar(13) DEFAULT NULL,
  `petown` varchar(1) DEFAULT NULL COMMENT 'Y/N',
  `size` varchar(5) DEFAULT NULL COMMENT 'B(대형), M(중형), S(소형), E(전부)',
  `level` varchar(10) DEFAULT 'U' COMMENT 'A(관리자), U(회원)',
  `signupDay` date DEFAULT curdate(),
  `del` varchar(1) DEFAULT 'N' COMMENT 'Y/N',
  PRIMARY KEY (`mnum`) USING BTREE,
  KEY `id` (`id`)
) ENGINE=InnoDB AUTO_INCREMENT=207 DEFAULT CHARSET=utf8mb3;

-- 테이블 데이터 okeedokee.member:~0 rows (대략적) 내보내기
DELETE FROM `member`;
/*!40000 ALTER TABLE `member` DISABLE KEYS */;
INSERT INTO `member` (`mnum`, `id`, `name`, `pw`, `address`, `email`, `phNum`, `petown`, `size`, `level`, `signupDay`, `del`) VALUES
	(1, 'userid01', '일회원', 'Passw01', '서울특별시 강남구 압구정로123길 1111동 11111호', 'aaa@naver.com', '01011111111', 'Y', 'B', 'U', '2021-02-03', 'N'),
	(2, 'userid02', '이회원', 'Passw02', '경기도 수원시 팔달구 뭐러뭐라아파트 1111동 234호', 'bbb@naver.com', '01011111112', 'Y', 'S', 'U', '2021-02-04', 'N'),
	(3, 'userid03', '삼회원', 'Passw03', '경기도 분당시 판교로123길 234234아파트 134호', 'ccc@naver.com', '01011111113', 'Y', 'M', 'U', '2021-02-05', 'N'),
	(4, 'userid04', '사회원', 'Passw04', '서울특별시 강남구 압구정로123길 1111동 11111호', 'ddd@naver.com', '01011111114', 'Y', 'B', 'U', '2021-02-06', 'N'),
	(5, 'userid05', '오회원', 'Passw05', '경기도 수원시 팔달구 뭐러뭐라아파트 1111동 234호', 'eee@naver.com', '01011111115', 'Y', 'S', 'U', '2021-02-07', 'N'),
	(6, 'userid06', '육회원', 'Passw06', '경기도 분당시 판교로123길 234234아파트 134호', 'fff@naver.com', '01011111116', 'Y', 'M', 'U', '2021-02-08', 'N'),
	(7, 'userid07', '칠회원', 'Passw07', '서울특별시 강남구 압구정로123길 1111동 11111호', 'ggg@naver.com', '01011111117', 'N', 'S', 'U', '2021-02-09', 'N'),
	(8, 'userid08', '팔회원', 'Passw08', '경기도 수원시 팔달구 뭐러뭐라아파트 1111동 234호', 'aaa1@naver.com', '01011111118', 'N', 'B', 'U', '2021-02-10', 'N'),
	(9, 'userid09', '구회원', 'Passw09', '경기도 분당시 판교로123길 234234아파트 134호', 'bbb1@naver.com', '01011111119', 'N', 'B', 'U', '2021-02-11', 'N'),
	(10, 'userid10', '십회원', 'Passw10', '서울특별시 강남구 압구정로123길 1111동 11111호', 'ccc1@naver.com', '01011111120', 'Y', 'S', 'U', '2021-02-12', 'N'),
	(11, 'userid11', '월회원', 'Passw11', '경기도 수원시 팔달구 뭐러뭐라아파트 1111동 234호', 'ddd1@naver.com', '01011111121', 'N', 'S', 'U', '2021-02-13', 'N'),
	(12, 'userid12', '화회원', 'Passw12', '경기도 분당시 판교로123길 234234아파트 134호', 'eee1@naver.com', '01011111122', 'Y', 'S', 'U', '2021-02-14', 'N'),
	(13, 'userid13', '수회원', 'Passw13', '서울특별시 강남구 압구정로123길 1111동 11111호', 'fff1@naver.com', '01011111123', 'N', 'S', 'U', '2021-02-15', 'N'),
	(14, 'userid14', '목회원', 'Passw14', '경기도 수원시 팔달구 뭐러뭐라아파트 1111동 234호', 'ggg1@naver.com', '01011111124', 'Y', 'S', 'U', '2021-02-16', 'N'),
	(15, 'userid15', '금회원', 'Passw15', '경기도 분당시 판교로123길 234234아파트 134호', '2aaa@naver.com', '01011111125', 'N', 'S', 'U', '2021-02-17', 'N'),
	(16, 'userid16', '토회원', 'Passw16', '서울특별시 강남구 압구정로123길 1111동 11111호', '2bbb@naver.com', '01011111126', 'Y', 'S', 'U', '2021-02-18', 'N'),
	(17, 'userid17', '일회원', 'Passw17', '경기도 수원시 팔달구 뭐러뭐라아파트 1111동 234호', '2ccc@naver.com', '01011111127', 'N', 'S', 'U', '2021-02-19', 'N'),
	(18, 'userid18', '가회원', 'Passw18', '경기도 분당시 판교로123길 234234아파트 134호', '2ddd@naver.com', '01011111128', 'Y', 'M', 'U', '2021-02-20', 'N'),
	(19, 'userid19', '나회원', 'Passw19', '서울특별시 강남구 압구정로123길 1111동 11111호', '2eee@naver.com', '01011111129', 'Y', 'M', 'U', '2021-02-21', 'N'),
	(20, 'userid20', '다회원', 'Passw20', '경기도 수원시 팔달구 뭐러뭐라아파트 1111동 234호', '2fff@naver.com', '01011111130', 'Y', 'M', 'U', '2021-02-22', 'N'),
	(21, 'userid21', '라회원', 'Passw21', '경기도 분당시 판교로123길 234234아파트 134호', '2ggg@naver.com', '01011111131', 'Y', 'M', 'U', '2021-02-23', 'N'),
	(22, 'userid22', '마회원', 'Passw22', '서울특별시 강남구 압구정로123길 1111동 11111호', '3aaa@naver.com', '01011111132', 'Y', 'M', 'U', '2021-02-24', 'N'),
	(23, 'userid23', '바회원', 'Passw23', '경기도 수원시 팔달구 뭐러뭐라아파트 1111동 234호', '3bbb@naver.com', '01011111133', 'Y', 'S', 'U', '2021-02-25', 'N'),
	(24, 'userid24', '사회원', 'Passw24', '경기도 분당시 판교로123길 234234아파트 134호', '3ccc@naver.com', '01011111134', 'Y', 'M', 'U', '2021-02-26', 'N'),
	(25, 'userid25', '아회원', 'Passw25', '서울특별시 강남구 압구정로123길 1111동 11111호', '3ddd@naver.com', '01011111135', 'Y', 'S', 'U', '2021-02-27', 'N'),
	(26, 'userid26', '자회원', 'Passw26', '경기도 수원시 팔달구 뭐러뭐라아파트 1111동 234호', '3eee@naver.com', '01011111136', 'Y', 'M', 'U', '2021-02-28', 'N'),
	(27, 'userid27', '차회원', 'Passw27', '경기도 분당시 판교로123길 234234아파트 134호', '3fff@naver.com', '01011111137', 'Y', 'S', 'U', '2021-03-01', 'N'),
	(28, 'userid28', '카회원', 'Passw28', '서울특별시 강남구 압구정로123길 1111동 11111호', '3ggg@naver.com', '01011111138', 'N', 'B', 'U', '2021-03-02', 'N'),
	(29, 'userid29', '타회원', 'Passw29', '경기도 수원시 팔달구 뭐러뭐라아파트 1111동 234호', '4aaa@naver.com', '01011111139', 'N', 'S', 'U', '2021-03-03', 'N'),
	(30, 'userid30', '파회원', 'Passw30', '경기도 분당시 판교로123길 234234아파트 134호', '4bbb@naver.com', '01011111140', 'N', 'S', 'U', '2021-03-04', 'N'),
	(31, 'userid31', '하회원', 'Passw31', '서울특별시 강남구 압구정로123길 1111동 11111호', '4ccc@naver.com', '01011111141', 'Y', 'S', 'U', '2021-03-05', 'N'),
	(32, 'userid32', '도회원', 'Passw32', '경기도 수원시 팔달구 뭐러뭐라아파트 1111동 234호', '4ddd@naver.com', '01011111142', 'N', 'S', 'U', '2021-03-06', 'N'),
	(33, 'userid33', '레회원', 'Passw33', '경기도 분당시 판교로123길 234234아파트 134호', '4eee@naver.com', '01011111143', 'Y', 'S', 'U', '2021-03-07', 'N'),
	(34, 'userid34', '미회원', 'Passw34', '서울특별시 강남구 압구정로123길 1111동 11111호', '4fff@naver.com', '01011111144', 'N', 'S', 'U', '2021-03-08', 'N'),
	(35, 'userid35', '파회원', 'Passw35', '경기도 수원시 팔달구 뭐러뭐라아파트 1111동 234호', '4ggg@naver.com', '01011111145', 'Y', 'S', 'U', '2021-03-09', 'N'),
	(36, 'userid36', '솔회원', 'Passw36', '경기도 분당시 판교로123길 234234아파트 134호', '5aaa@naver.com', '01011111146', 'N', 'S', 'U', '2021-03-10', 'N'),
	(37, 'userid37', '라회원', 'Passw37', '서울특별시 강남구 압구정로123길 1111동 11111호', '5bbb@naver.com', '01011111147', 'Y', 'M', 'U', '2021-03-11', 'N'),
	(38, 'userid38', '시회원', 'Passw38', '경기도 수원시 팔달구 뭐러뭐라아파트 1111동 234호', '5ccc@naver.com', '01011111148', 'N', 'M', 'U', '2021-03-12', 'N'),
	(39, 'userid39', '김회원', 'Passw39', '경기도 분당시 판교로123길 234234아파트 134호', '5ddd@naver.com', '01011111149', 'Y', 'M', 'U', '2021-03-13', 'N'),
	(40, 'userid40', '이회원', 'Passw40', '서울특별시 강남구 압구정로123길 1111동 11111호', '5eee@naver.com', '01011111150', 'Y', 'M', 'U', '2021-03-14', 'N'),
	(41, 'userid41', '박회원', 'Passw41', '경기도 수원시 팔달구 뭐러뭐라아파트 1111동 234호', '5fff@naver.com', '01011111151', 'Y', 'M', 'U', '2021-03-15', 'N'),
	(42, 'userid42', '최회원', 'Passw42', '경기도 분당시 판교로123길 234234아파트 134호', '5ggg@naver.com', '01011111152', 'Y', 'S', 'U', '2021-03-16', 'N'),
	(43, 'userid43', '안회원', 'Passw43', '서울특별시 강남구 압구정로123길 1111동 11111호', '6aaa@naver.com', '01011111153', 'N', 'M', 'U', '2021-03-17', 'N'),
	(44, 'userid44', '임회원', 'Passw44', '경기도 수원시 팔달구 뭐러뭐라아파트 1111동 234호', '6bbb@naver.com', '01011111154', 'N', 'S', 'U', '2021-03-18', 'N'),
	(45, 'userid45', '원회원', 'Passw45', '경기도 분당시 판교로123길 234234아파트 134호', '6ccc@naver.com', '01011111155', 'N', 'M', 'U', '2021-03-19', 'N'),
	(46, 'userid46', '오회원', 'Passw46', '서울특별시 강남구 압구정로123길 1111동 11111호', '6ddd@naver.com', '01011111156', 'N', 'S', 'U', '2021-03-20', 'N'),
	(47, 'userid47', '키회원', 'Passw47', '경기도 수원시 팔달구 뭐러뭐라아파트 1111동 234호', '6eee@naver.com', '01011111157', 'N', 'B', 'U', '2021-03-21', 'N'),
	(48, 'userid48', '도회원', 'Passw48', '경기도 분당시 판교로123길 234234아파트 134호', '6fff@naver.com', '01011111158', 'N', 'S', 'U', '2021-03-22', 'N'),
	(49, 'userid49', '양회원', 'Passw49', '서울특별시 강남구 압구정로123길 1111동 11111호', '6ggg@naver.com', '01011111159', 'N', 'S', 'U', '2021-03-23', 'N'),
	(50, 'userid50', '제회원', 'Passw50', '경기도 수원시 팔달구 뭐러뭐라아파트 1111동 234호', '7aaa@naver.com', '01011111160', 'N', 'S', 'U', '2021-03-24', 'N'),
	(51, 'userid51', '승회원', 'Passw51', '경기도 분당시 판교로123길 234234아파트 134호', '7bbb@naver.com', '01011111161', 'N', 'S', 'U', '2021-03-25', 'N'),
	(52, 'userid52', '인회원', 'Passw52', '서울특별시 강남구 압구정로123길 1111동 11111호', '7ccc@naver.com', '01011111162', 'N', 'S', 'U', '2021-03-26', 'N'),
	(53, 'userid53', '호회원', 'Passw53', '경기도 수원시 팔달구 뭐러뭐라아파트 1111동 234호', '7ddd@naver.com', '01011111163', 'N', 'S', 'U', '2021-03-27', 'N'),
	(54, 'userid54', '상회원', 'Passw54', '경기도 분당시 판교로123길 234234아파트 134호', '7eee@naver.com', '01011111164', 'N', 'S', 'U', '2021-03-28', 'N'),
	(55, 'userid55', '빈회원', 'Passw55', '서울특별시 강남구 압구정로123길 1111동 11111호', '7fff@naver.com', '01011111165', 'N', 'S', 'U', '2021-03-29', 'N'),
	(56, 'userid56', '동회원', 'Passw56', '경기도 수원시 팔달구 뭐러뭐라아파트 1111동 234호', '7ggg@naver.com', '01011111166', 'Y', 'M', 'U', '2021-03-30', 'N'),
	(57, 'userid57', '혁회원', 'Passw57', '경기도 분당시 판교로123길 234234아파트 134호', '8aaa@naver.com', '01011111167', 'N', 'M', 'U', '2021-03-31', 'N'),
	(58, 'userid58', '소회원', 'Passw58', '서울특별시 강남구 압구정로123길 1111동 11111호', '8bbb@naver.com', '01011111168', 'Y', 'M', 'U', '2021-04-01', 'N'),
	(59, 'userid59', '현회원', 'Passw59', '경기도 수원시 팔달구 뭐러뭐라아파트 1111동 234호', '8ccc@naver.com', '01011111169', 'N', 'M', 'U', '2021-04-02', 'N'),
	(60, 'userid60', '고회원', 'Passw60', '경기도 분당시 판교로123길 234234아파트 134호', '8ddd@naver.com', '01011111170', 'Y', 'M', 'U', '2021-04-03', 'N'),
	(61, 'userid61', '장회원', 'Passw61', '서울특별시 강남구 압구정로123길 1111동 11111호', '8eee@naver.com', '01011111171', 'N', 'S', 'U', '2021-04-04', 'N'),
	(62, 'userid62', '우회원', 'Passw62', '경기도 수원시 팔달구 뭐러뭐라아파트 1111동 234호', '8fff@naver.com', '01011111172', 'Y', 'M', 'U', '2021-04-05', 'N'),
	(63, 'userid63', '엄회원', 'Passw63', '경기도 분당시 판교로123길 234234아파트 134호', '8ggg@naver.com', '01011111173', 'Y', 'S', 'U', '2021-04-06', 'N'),
	(64, 'userid64', '감회원', 'Passw64', '서울특별시 강남구 압구정로123길 1111동 11111호', '9aaa@naver.com', '01011111174', 'Y', 'M', 'U', '2021-04-07', 'N'),
	(65, 'userid65', '정회원', 'Passw65', '경기도 수원시 팔달구 뭐러뭐라아파트 1111동 234호', '9bbb@naver.com', '01011111175', 'Y', 'S', 'U', '2021-04-08', 'N'),
	(66, 'userid66', '준회원', 'Passw66', '경기도 분당시 판교로123길 234234아파트 134호', '9ccc@naver.com', '01011111176', 'N', 'B', 'U', '2021-04-09', 'N'),
	(67, 'userid67', '설회원', 'Passw67', '서울특별시 강남구 압구정로123길 1111동 11111호', '9ddd@naver.com', '01011111177', 'N', 'S', 'U', '2021-04-10', 'N'),
	(68, 'userid68', '남궁회원', 'Passw68', '경기도 수원시 팔달구 뭐러뭐라아파트 1111동 234호', '9eee@naver.com', '01011111178', 'N', 'S', 'U', '2021-04-11', 'N'),
	(69, 'userid69', '황보회원', 'Passw69', '경기도 분당시 판교로123길 234234아파트 134호', '9fff@naver.com', '01011111179', 'N', 'S', 'U', '2021-04-12', 'N'),
	(70, 'userid70', '피회원', 'Passw70', '서울특별시 강남구 압구정로123길 1111동 11111호', '9ggg@naver.com', '01011111180', 'N', 'S', 'U', '2021-04-13', 'N'),
	(71, 'userid71', '천회원', 'Passw71', '경기도 수원시 팔달구 뭐러뭐라아파트 1111동 234호', '10aaa@naver.com', '01011111181', 'N', 'S', 'U', '2021-04-14', 'N'),
	(72, 'userid72', '방회원', 'Passw72', '경기도 분당시 판교로123길 234234아파트 134호', '10bbb@naver.com', '01011111182', 'N', 'S', 'U', '2021-04-15', 'N'),
	(73, 'userid73', '지회원', 'Passw73', '서울특별시 강남구 압구정로123길 1111동 11111호', '10ccc@naver.com', '01011111183', 'N', 'S', 'U', '2021-04-16', 'N'),
	(74, 'userid74', '축회원', 'Passw74', '경기도 수원시 팔달구 뭐러뭐라아파트 1111동 234호', '10ddd@naver.com', '01011111184', 'N', 'S', 'U', '2021-04-17', 'N'),
	(75, 'userid75', '즙회원', 'Passw75', '경기도 분당시 판교로123길 234234아파트 134호', '10eee@naver.com', '01011111185', 'N', 'M', 'U', '2021-04-18', 'N'),
	(76, 'userid76', '사회원', 'Passw76', '서울특별시 강남구 압구정로123길 1111동 11111호', '10fff@naver.com', '01011111186', 'N', 'M', 'U', '2021-04-19', 'N'),
	(77, 'userid77', '어회원', 'Passw77', '경기도 수원시 팔달구 뭐러뭐라아파트 1111동 234호', '10ggg@naver.com', '01011111187', 'N', 'M', 'U', '2021-04-20', 'N'),
	(78, 'userid78', '주회원', 'Passw78', '경기도 분당시 판교로123길 234234아파트 134호', '11aaa@naver.com', '01011111188', 'N', 'M', 'U', '2021-04-21', 'N'),
	(79, 'userid79', '데회원', 'Passw79', '서울특별시 강남구 압구정로123길 1111동 11111호', '11bbb@naver.com', '01011111189', 'Y', 'M', 'U', '2021-04-22', 'N'),
	(80, 'userid80', '터회원', 'Passw80', '경기도 수원시 팔달구 뭐러뭐라아파트 1111동 234호', '11ccc@naver.com', '01011111190', 'N', 'S', 'U', '2021-04-23', 'N'),
	(81, 'userid81', '석회원', 'Passw81', '경기도 분당시 판교로123길 234234아파트 134호', '11ddd@naver.com', '01011111191', 'Y', 'M', 'U', '2021-04-24', 'N'),
	(82, 'userid82', '프회원', 'Passw82', '서울특별시 강남구 압구정로123길 1111동 11111호', '11eee@naver.com', '01011111192', 'N', 'S', 'U', '2021-04-25', 'N'),
	(83, 'userid83', '트회원', 'Passw83', '경기도 수원시 팔달구 뭐러뭐라아파트 1111동 234호', '11fff@naver.com', '01011111193', 'Y', 'M', 'U', '2021-04-26', 'N'),
	(84, 'userid84', '웨회원', 'Passw84', '경기도 분당시 판교로123길 234234아파트 134호', '11ggg@naver.com', '01011111194', 'N', 'S', 'U', '2021-04-27', 'N'),
	(85, 'userid85', '공회원', 'Passw85', '서울특별시 강남구 압구정로123길 1111동 11111호', '12aaa@naver.com', '01011111195', 'Y', 'B', 'U', '2021-04-28', 'N'),
	(86, 'userid86', '학회원', 'Passw86', '경기도 수원시 팔달구 뭐러뭐라아파트 1111동 234호', '12bbb@naver.com', '01011111196', 'Y', 'S', 'U', '2021-04-29', 'N'),
	(87, 'userid87', '한회원', 'Passw87', '경기도 분당시 판교로123길 234234아파트 134호', '12ccc@naver.com', '01011111197', 'Y', 'S', 'U', '2021-04-30', 'N'),
	(88, 'userid88', '국회원', 'Passw88', '서울특별시 강남구 압구정로123길 1111동 11111호', '12ddd@naver.com', '01011111198', 'Y', 'S', 'U', '2021-05-01', 'N'),
	(89, 'userid89', '근회원', 'Passw89', '경기도 수원시 팔달구 뭐러뭐라아파트 1111동 234호', '12eee@naver.com', '01011111199', 'N', 'S', 'U', '2021-05-02', 'N'),
	(90, 'userid90', '대회원', 'Passw90', '경기도 분당시 판교로123길 234234아파트 134호', '12fff@naver.com', '01011111200', 'N', 'S', 'U', '2021-05-03', 'N'),
	(91, 'userid91', '토회원', 'Passw91', '서울특별시 강남구 압구정로123길 1111동 11111호', '12ggg@naver.com', '01011111201', 'N', 'S', 'U', '2021-05-04', 'N'),
	(92, 'userid92', '익회원', 'Passw92', '경기도 수원시 팔달구 뭐러뭐라아파트 1111동 234호', '13aaa@naver.com', '01011111202', 'N', 'S', 'U', '2021-05-05', 'N'),
	(93, 'userid93', '시회원', 'Passw93', '경기도 분당시 판교로123길 234234아파트 134호', '13bbb@naver.com', '01011111203', 'N', 'S', 'U', '2021-05-06', 'N'),
	(94, 'userid94', '험회원', 'Passw94', '서울특별시 강남구 압구정로123길 1111동 11111호', '13ccc@naver.com', '01011111204', 'N', 'M', 'U', '2021-05-07', 'N'),
	(95, 'userid95', '문회원', 'Passw95', '경기도 수원시 팔달구 뭐러뭐라아파트 1111동 234호', '13ddd@naver.com', '01011111205', 'N', 'M', 'U', '2021-05-08', 'N'),
	(96, 'userid96', '테회원', 'Passw96', '경기도 분당시 판교로123길 234234아파트 134호', '13eee@naver.com', '01011111206', 'N', 'M', 'U', '2021-05-09', 'N'),
	(97, 'userid97', '크회원', 'Passw97', '서울특별시 강남구 압구정로123길 1111동 11111호', '13fff@naver.com', '01011111207', 'N', 'M', 'U', '2021-05-10', 'N'),
	(98, 'userid98', '니회원', 'Passw98', '경기도 수원시 팔달구 뭐러뭐라아파트 1111동 234호', '13ggg@naver.com', '01011111208', 'N', 'M', 'U', '2021-05-11', 'N'),
	(99, 'userid99', '컬회원', 'Passw99', '경기도 분당시 판교로123길 234234아파트 134호', '14aaa@naver.com', '01011111209', 'N', 'S', 'U', '2021-05-12', 'N'),
	(100, 'userid100', '디회원', 'Passw100', '서울특별시 강남구 압구정로123길 1111동 11111호', '14bbb@naver.com', '01011111210', 'N', 'M', 'U', '2021-05-13', 'N'),
	(101, 'userid101', '침회원', 'Passw101', '경기도 수원시 팔달구 뭐러뭐라아파트 1111동 234호', '14ccc@naver.com', '01011111211', 'N', 'S', 'U', '2021-05-14', 'N'),
	(102, 'userid102', '서회원', 'Passw102', '경기도 분당시 판교로123길 234234아파트 134호', '14ddd@naver.com', '01011111212', 'N', 'M', 'U', '2021-05-15', 'N'),
	(103, 'userid103', '재회원', 'Passw103', '서울특별시 강남구 압구정로123길 1111동 11111호', '14eee@naver.com', '01011111213', 'N', 'S', 'U', '2021-05-16', 'N'),
	(104, 'userid104', '융회원', 'Passw104', '경기도 수원시 팔달구 뭐러뭐라아파트 1111동 234호', '14fff@naver.com', '01011111214', 'N', 'B', 'U', '2021-05-17', 'N'),
	(105, 'userid105', '폐회원', 'Passw105', '경기도 분당시 판교로123길 234234아파트 134호', '14ggg@naver.com', '01011111215', 'N', 'S', 'U', '2021-05-18', 'N'),
	(106, 'userid106', '화회원', 'Passw106', '서울특별시 강남구 압구정로123길 1111동 11111호', '15aaa@naver.com', '01011111216', 'Y', 'S', 'U', '2021-05-19', 'N'),
	(107, 'userid107', '미회원', 'Passw107', '경기도 수원시 팔달구 뭐러뭐라아파트 1111동 234호', '15bbb@naver.com', '01011111217', 'N', 'S', 'U', '2021-05-20', 'N'),
	(108, 'userid108', '킨회원', 'Passw108', '경기도 분당시 판교로123길 234234아파트 134호', '15ccc@naver.com', '01011111218', 'Y', 'S', 'U', '2021-05-21', 'N'),
	(109, 'userid109', '의회원', 'Passw109', '서울특별시 강남구 압구정로123길 1111동 11111호', '15ddd@naver.com', '01011111219', 'N', 'S', 'U', '2021-05-22', 'N'),
	(110, 'userid110', '판회원', 'Passw110', '경기도 수원시 팔달구 뭐러뭐라아파트 1111동 234호', '15eee@naver.com', '01011111220', 'Y', 'S', 'U', '2021-05-23', 'N'),
	(111, 'userid111', '숙회원', 'Passw111', '경기도 분당시 판교로123길 234234아파트 134호', '15fff@naver.com', '01011111221', 'N', 'S', 'U', '2021-05-24', 'N'),
	(112, 'userid112', '춘회원', 'Passw112', '서울특별시 강남구 압구정로123길 1111동 11111호', '15ggg@naver.com', '01011111222', 'Y', 'S', 'U', '2021-05-25', 'N'),
	(113, 'userid113', '권회원', 'Passw113', '경기도 수원시 팔달구 뭐러뭐라아파트 1111동 234호', '16aaa@naver.com', '01011111223', 'Y', 'M', 'U', '2021-05-26', 'N'),
	(114, 'userid114', '끝회원', 'Passw114', '경기도 분당시 판교로123길 234234아파트 134호', '16bbb@naver.com', '01011111224', 'Y', 'M', 'U', '2021-05-27', 'N'),
	(115, 'userid115', '기회원', 'Passw115', '서울특별시 강남구 압구정로123길 1111동 11111호', '16ccc@naver.com', '01011111225', 'Y', 'M', 'U', '2021-05-28', 'N'),
	(116, 'userid116', '거회원', 'Passw116', '경기도 수원시 팔달구 뭐러뭐라아파트 1111동 234호', '16ddd@naver.com', '01011111226', 'N', 'M', 'U', '2021-05-29', 'N'),
	(117, 'userid117', '일월', 'Passw117', '경기도 분당시 판교로123길 234234아파트 134호', '16eee@naver.com', '01011111227', 'N', 'M', 'U', '2021-05-30', 'N'),
	(118, 'userid118', '이월', 'Passw118', '서울특별시 강남구 압구정로123길 1111동 11111호', '16fff@naver.com', '01011111228', 'N', 'S', 'U', '2021-05-31', 'N'),
	(119, 'userid119', '삼월', 'Passw119', '경기도 수원시 팔달구 뭐러뭐라아파트 1111동 234호', '16ggg@naver.com', '01011111229', 'N', 'M', 'U', '2021-06-01', 'N'),
	(120, 'userid120', '사월', 'Passw120', '경기도 분당시 판교로123길 234234아파트 134호', '17aaa@naver.com', '01011111230', 'N', 'S', 'U', '2021-06-02', 'N'),
	(121, 'userid121', '오월', 'Passw121', '서울특별시 강남구 압구정로123길 1111동 11111호', '17bbb@naver.com', '01011111231', 'N', 'M', 'U', '2021-06-03', 'N'),
	(122, 'userid122', '유월', 'Passw122', '경기도 수원시 팔달구 뭐러뭐라아파트 1111동 234호', '17ccc@naver.com', '01011111232', 'N', 'S', 'U', '2021-06-04', 'N'),
	(123, 'userid123', '칠월', 'Passw123', '경기도 분당시 판교로123길 234234아파트 134호', '17ddd@naver.com', '01011111233', 'N', 'E', 'U', '2021-06-05', 'N'),
	(124, 'userid124', '팔월', 'Passw124', '서울특별시 강남구 압구정로123길 1111동 11111호', '17eee@naver.com', '01011111234', 'N', 'E', 'U', '2021-06-06', 'N'),
	(125, 'userid125', '구월', 'Passw125', '경기도 수원시 팔달구 뭐러뭐라아파트 1111동 234호', '17fff@naver.com', '01011111235', 'N', 'E', 'U', '2021-06-07', 'N'),
	(126, 'userid126', '시월', 'Passw126', '경기도 분당시 판교로123길 234234아파트 134호', '17ggg@naver.com', '01011111236', 'N', 'E', 'U', '2021-06-08', 'N'),
	(127, 'userid127', '십일월', 'Passw127', '서울특별시 강남구 압구정로123길 1111동 11111호', '18aaa@naver.com', '01011111237', 'N', 'S', 'U', '2021-06-09', 'N'),
	(128, 'userid128', '십이월', 'Passw128', '경기도 수원시 팔달구 뭐러뭐라아파트 1111동 234호', '18bbb@naver.com', '01011111238', 'N', 'S', 'U', '2021-06-10', 'N'),
	(129, 'userid129', '월요일', 'Passw129', '경기도 분당시 판교로123길 234234아파트 134호', '18ccc@naver.com', '01011111239', 'Y', 'E', 'U', '2021-06-11', 'N'),
	(130, 'userid130', '화요일', 'Passw130', '서울특별시 강남구 압구정로123길 1111동 11111호', '18ddd@naver.com', '01011111240', 'N', 'S', 'U', '2021-06-12', 'N'),
	(131, 'userid131', '수요일', 'Passw131', '경기도 수원시 팔달구 뭐러뭐라아파트 1111동 234호', '18eee@naver.com', '01011111241', 'Y', 'E', 'U', '2021-06-13', 'N'),
	(132, 'userid132', '목요일', 'Passw132', '경기도 분당시 판교로123길 234234아파트 134호', '18fff@naver.com', '01011111242', 'N', 'E', 'U', '2021-06-14', 'N'),
	(133, 'userid133', '금요일', 'Passw133', '서울특별시 강남구 압구정로123길 1111동 11111호', '18ggg@naver.com', '01011111243', 'Y', 'S', 'U', '2021-06-15', 'N'),
	(134, 'userid134', '토요일', 'Passw134', '경기도 수원시 팔달구 뭐러뭐라아파트 1111동 234호', '19aaa@naver.com', '01011111244', 'N', 'M', 'U', '2021-06-16', 'N'),
	(135, 'userid135', '일요일', 'Passw135', '경기도 분당시 판교로123길 234234아파트 134호', '19bbb@naver.com', '01011111245', 'Y', 'M', 'U', '2021-06-17', 'N'),
	(136, 'userid136', '외회원', 'Passw136', '서울특별시 강남구 압구정로123길 1111동 11111호', '19ccc@naver.com', '01011111246', 'Y', 'S', 'U', '2021-06-18', 'N'),
	(137, 'userid137', '린회원', 'Passw137', '경기도 수원시 팔달구 뭐러뭐라아파트 1111동 234호', '19ddd@naver.com', '01011111247', 'Y', 'M', 'U', '2021-06-19', 'N'),
	(138, 'userid138', '왕회원', 'Passw138', '경기도 분당시 판교로123길 234234아파트 134호', '19eee@naver.com', '01011111248', 'Y', 'S', 'U', '2021-06-20', 'N'),
	(139, 'userid139', '당회원', 'Passw139', '서울특별시 강남구 압구정로123길 1111동 11111호', '19fff@naver.com', '01011111249', 'N', 'M', 'U', '2021-06-21', 'N'),
	(140, 'userid140', '러회원', 'Passw140', '경기도 수원시 팔달구 뭐러뭐라아파트 1111동 234호', '19ggg@naver.com', '01011111250', 'N', 'S', 'U', '2021-06-22', 'N'),
	(141, 'userid141', '죽회원', 'Passw141', '경기도 분당시 판교로123길 234234아파트 134호', '20aaa@naver.com', '01011111251', 'N', 'B', 'U', '2021-06-23', 'N'),
	(142, 'userid142', '음회원', 'Passw142', '서울특별시 강남구 압구정로123길 1111동 11111호', '20bbb@naver.com', '01011111252', 'N', 'S', 'U', '2021-06-24', 'N'),
	(143, 'userid143', '숲회원', 'Passw143', '경기도 수원시 팔달구 뭐러뭐라아파트 1111동 234호', '20ccc@naver.com', '01011111253', 'N', 'S', 'U', '2021-06-25', 'N'),
	(144, 'userid144', '여회원', 'Passw144', '경기도 분당시 판교로123길 234234아파트 134호', '20ddd@naver.com', '01011111254', 'N', 'S', 'U', '2021-06-26', 'N'),
	(145, 'userid145', '덟회원', 'Passw145', '서울특별시 강남구 압구정로123길 1111동 11111호', '20eee@naver.com', '01011111255', 'N', 'S', 'U', '2021-06-27', 'N'),
	(146, 'userid146', '단회원', 'Passw146', '경기도 수원시 팔달구 뭐러뭐라아파트 1111동 234호', '20fff@naver.com', '01011111256', 'N', 'S', 'U', '2021-06-28', 'N'),
	(147, 'userid147', '그회원', 'Passw147', '경기도 분당시 판교로123길 234234아파트 134호', '20ggg@naver.com', '01011111257', 'N', 'S', 'U', '2021-06-29', 'N'),
	(148, 'userid148', '널회원', 'Passw148', '서울특별시 강남구 압구정로123길 1111동 11111호', '21aaa@naver.com', '01011111258', 'N', 'S', 'U', '2021-06-30', 'N'),
	(149, 'userid149', '땅회원', 'Passw149', '경기도 수원시 팔달구 뭐러뭐라아파트 1111동 234호', '21bbb@naver.com', '01011111259', 'N', 'S', 'U', '2021-07-01', 'N'),
	(150, 'userid150', '람회원', 'Passw150', '경기도 분당시 판교로123길 234234아파트 134호', '21ccc@naver.com', '01011111260', 'N', 'M', 'U', '2021-07-02', 'N'),
	(151, 'userid151', '일월회원', 'Passw151', '서울특별시 강남구 압구정로123길 1111동 11111호', '21ddd@naver.com', '01011111261', 'N', 'M', 'U', '2021-07-03', 'N'),
	(152, 'userid152', '이월회원', 'Passw152', '경기도 수원시 팔달구 뭐러뭐라아파트 1111동 234호', '21eee@naver.com', '01011111262', 'N', 'M', 'U', '2021-07-04', 'N'),
	(153, 'userid153', '삼월회원', 'Passw153', '경기도 분당시 판교로123길 234234아파트 134호', '21fff@naver.com', '01011111263', 'N', 'M', 'U', '2021-07-05', 'N'),
	(154, 'userid154', '사월회원', 'Passw154', '서울특별시 강남구 압구정로123길 1111동 11111호', '21ggg@naver.com', '01011111264', 'N', 'M', 'U', '2021-07-06', 'N'),
	(155, 'userid155', '오월회원', 'Passw155', '경기도 수원시 팔달구 뭐러뭐라아파트 1111동 234호', '22aaa@naver.com', '01011111265', 'N', 'S', 'U', '2021-07-07', 'N'),
	(156, 'userid156', '유월회원', 'Passw156', '경기도 분당시 판교로123길 234234아파트 134호', '22bbb@naver.com', '01011111266', 'Y', 'M', 'U', '2021-07-08', 'N'),
	(157, 'userid157', '칠월회원', 'Passw157', '서울특별시 강남구 압구정로123길 1111동 11111호', '22ccc@naver.com', '01011111267', 'N', 'S', 'U', '2021-07-09', 'N'),
	(158, 'userid158', '팔월회원', 'Passw158', '경기도 수원시 팔달구 뭐러뭐라아파트 1111동 234호', '22ddd@naver.com', '01011111268', 'Y', 'M', 'U', '2021-07-10', 'N'),
	(159, 'userid159', '구월회원', 'Passw159', '경기도 분당시 판교로123길 234234아파트 134호', '22eee@naver.com', '01011111269', 'N', 'S', 'U', '2021-07-11', 'N'),
	(160, 'userid160', '시월회원', 'Passw160', '서울특별시 강남구 압구정로123길 1111동 11111호', '22fff@naver.com', '01011111270', 'Y', 'E', 'U', '2021-07-12', 'N'),
	(161, 'userid161', '십일월회원', 'Passw161', '경기도 수원시 팔달구 뭐러뭐라아파트 1111동 234호', '22ggg@naver.com', '01011111271', 'N', 'E', 'U', '2021-07-13', 'N'),
	(162, 'userid162', '십이월회원', 'Passw162', '경기도 분당시 판교로123길 234234아파트 134호', '23aaa@naver.com', '01011111272', 'Y', 'E', 'U', '2021-07-14', 'N'),
	(163, 'userid163', '월요일회원', 'Passw163', '서울특별시 강남구 압구정로123길 1111동 11111호', '23bbb@naver.com', '01011111273', 'Y', 'E', 'U', '2021-07-15', 'N'),
	(164, 'userid164', '화요일회원', 'Passw164', '경기도 수원시 팔달구 뭐러뭐라아파트 1111동 234호', '23ccc@naver.com', '01011111274', 'Y', 'S', 'U', '2021-07-16', 'N'),
	(165, 'userid165', '수요일회원', 'Passw165', '경기도 분당시 판교로123길 234234아파트 134호', '23ddd@naver.com', '01011111275', 'Y', 'S', 'U', '2021-07-17', 'N'),
	(166, 'userid166', '목요일회원', 'Passw166', '서울특별시 강남구 압구정로123길 1111동 11111호', '23eee@naver.com', '01011111276', 'N', 'E', 'U', '2021-07-18', 'N'),
	(167, 'userid167', '금요일회원', 'Passw167', '경기도 수원시 팔달구 뭐러뭐라아파트 1111동 234호', '23fff@naver.com', '01011111277', 'N', 'S', 'U', '2021-07-19', 'N'),
	(168, 'userid168', '토요일회원', 'Passw168', '경기도 분당시 판교로123길 234234아파트 134호', '23ggg@naver.com', '01011111278', 'N', 'E', 'U', '2021-07-20', 'N'),
	(169, 'userid169', '일요일회원', 'Passw169', '서울특별시 강남구 압구정로123길 1111동 11111호', '24aaa@naver.com', '01011111279', 'N', 'E', 'U', '2021-07-21', 'N'),
	(170, 'userid170', '일회원', 'Passw170', '경기도 수원시 팔달구 뭐러뭐라아파트 1111동 234호', '24bbb@naver.com', '01011111280', 'N', 'S', 'U', '2021-07-22', 'N'),
	(171, 'userid171', '이회원', 'Passw171', '경기도 분당시 판교로123길 234234아파트 134호', '24ccc@naver.com', '01011111281', 'N', 'S', 'U', '2021-07-23', 'N'),
	(172, 'userid172', '삼회원', 'Passw172', '서울특별시 강남구 압구정로123길 1111동 11111호', '24ddd@naver.com', '01011111282', 'N', 'E', 'U', '2021-07-24', 'N'),
	(173, 'userid173', '사회원', 'Passw173', '경기도 수원시 팔달구 뭐러뭐라아파트 1111동 234호', '24eee@naver.com', '01011111283', 'N', 'E', 'U', '2021-07-25', 'N'),
	(174, 'userid174', '오회원', 'Passw174', '경기도 분당시 판교로123길 234234아파트 134호', '24fff@naver.com', '01011111284', 'N', 'E', 'U', '2021-07-26', 'N'),
	(175, 'userid175', '육회원', 'Passw175', '서울특별시 강남구 압구정로123길 1111동 11111호', '24ggg@naver.com', '01011111285', 'N', 'E', 'U', '2021-07-27', 'N'),
	(176, 'userid176', '칠회원', 'Passw176', '경기도 수원시 팔달구 뭐러뭐라아파트 1111동 234호', '25aaa@naver.com', '01011111286', 'N', 'S', 'U', '2021-07-28', 'N'),
	(177, 'userid177', '팔회원', 'Passw177', '경기도 분당시 판교로123길 234234아파트 134호', '25bbb@naver.com', '01011111287', 'N', 'S', 'U', '2021-07-29', 'N'),
	(178, 'userid178', '구회원', 'Passw178', '서울특별시 강남구 압구정로123길 1111동 11111호', '25ccc@naver.com', '01011111288', 'N', 'E', 'U', '2021-07-30', 'N'),
	(179, 'userid179', '십회원', 'Passw179', '경기도 수원시 팔달구 뭐러뭐라아파트 1111동 234호', '25ddd@naver.com', '01011111289', 'Y', 'S', 'U', '2021-07-31', 'N'),
	(180, 'userid180', '월회원', 'Passw180', '경기도 분당시 판교로123길 234234아파트 134호', '25eee@naver.com', '01011111290', 'N', 'E', 'U', '2021-08-01', 'N'),
	(181, 'userid181', '화회원', 'Passw181', '서울특별시 강남구 압구정로123길 1111동 11111호', '25fff@naver.com', '01011111291', 'Y', 'E', 'U', '2021-08-02', 'N'),
	(182, 'userid182', '수회원', 'Passw182', '경기도 수원시 팔달구 뭐러뭐라아파트 1111동 234호', '25ggg@naver.com', '01011111292', 'N', 'S', 'U', '2021-08-03', 'N'),
	(183, 'userid183', '목회원', 'Passw183', '경기도 분당시 판교로123길 234234아파트 134호', '26aaa@naver.com', '01011111293', 'Y', 'S', 'U', '2021-08-04', 'N'),
	(184, 'userid184', '금회원', 'Passw184', '서울특별시 강남구 압구정로123길 1111동 11111호', '26bbb@naver.com', '01011111294', 'N', 'E', 'U', '2021-08-05', 'N'),
	(185, 'userid185', '토회원', 'Passw185', '경기도 수원시 팔달구 뭐러뭐라아파트 1111동 234호', '26ccc@naver.com', '01011111295', 'Y', 'E', 'U', '2021-08-06', 'N'),
	(186, 'userid186', '일회원', 'Passw186', '경기도 분당시 판교로123길 234234아파트 134호', '26ddd@naver.com', '01011111296', 'Y', 'E', 'U', '2021-08-07', 'N'),
	(187, 'userid187', '가회원', 'Passw187', '서울특별시 강남구 압구정로123길 1111동 11111호', '26eee@naver.com', '01011111297', 'Y', 'E', 'U', '2021-08-08', 'N'),
	(188, 'userid188', '나회원', 'Passw188', '경기도 수원시 팔달구 뭐러뭐라아파트 1111동 234호', '26fff@naver.com', '01011111298', 'Y', 'S', 'U', '2021-08-09', 'N'),
	(189, 'userid189', '다회원', 'Passw189', '경기도 분당시 판교로123길 234234아파트 134호', '26ggg@naver.com', '01011111299', 'N', 'S', 'U', '2021-08-10', 'N'),
	(190, 'userid190', '라회원', 'Passw190', '서울특별시 강남구 압구정로123길 1111동 11111호', '27aaa@naver.com', '01011111300', 'N', 'E', 'U', '2021-08-11', 'N'),
	(191, 'userid191', '마회원', 'Passw191', '경기도 수원시 팔달구 뭐러뭐라아파트 1111동 234호', '27bbb@naver.com', '01011111301', 'N', 'S', 'U', '2021-08-12', 'N'),
	(192, 'userid192', '바회원', 'Passw192', '경기도 분당시 판교로123길 234234아파트 134호', '27ccc@naver.com', '01011111302', 'N', 'E', 'U', '2021-08-13', 'N'),
	(193, 'userid193', '사회원', 'Passw193', '서울특별시 강남구 압구정로123길 1111동 11111호', '27ddd@naver.com', '01011111303', 'N', 'E', 'U', '2021-08-14', 'N'),
	(194, 'userid194', '아회원', 'Passw194', '경기도 수원시 팔달구 뭐러뭐라아파트 1111동 234호', '27eee@naver.com', '01011111304', 'N', 'S', 'U', '2021-08-15', 'N'),
	(195, 'userid195', '자회원', 'Passw195', '경기도 분당시 판교로123길 234234아파트 134호', '27fff@naver.com', '01011111305', 'N', 'E', 'U', '2021-08-16', 'N'),
	(196, 'userid196', '차회원', 'Passw196', '서울특별시 강남구 압구정로123길 1111동 11111호', '27ggg@naver.com', '01011111306', 'N', 'E', 'U', '2021-08-17', 'N'),
	(197, 'userid197', '사회원', 'Passw197', '경기도 수원시 팔달구 뭐러뭐라아파트 1111동 234호', '28aaa@naver.com', '01011111307', 'N', 'E', 'U', '2021-08-18', 'N'),
	(198, 'userid198', '어회원', 'Passw198', '경기도 분당시 판교로123길 234234아파트 134호', '28bbb@naver.com', '01011111308', 'N', 'E', 'U', '2021-08-19', 'N'),
	(199, 'userid199', '주회원', 'Passw199', '서울특별시 강남구 압구정로123길 1111동 11111호', '28ccc@naver.com', '01011111309', 'N', 'S', 'U', '2021-08-20', 'N'),
	(200, 'userid200', '데회원', 'Passw200', '경기도 수원시 팔달구 뭐러뭐라아파트 1111동 234호', '28ddd@naver.com', '01011111310', 'N', 'S', 'U', '2021-08-21', 'N'),
	(201, 'admin', '관리자', 'Admin01', '관리자계정', 'admin@abc.com', '01011111311', 'N', 'S', 'A', '2021-08-21', 'N');
/*!40000 ALTER TABLE `member` ENABLE KEYS */;

-- 테이블 okeedokee.misstbl 구조 내보내기
CREATE TABLE IF NOT EXISTS `misstbl` (
  `num` int(11) NOT NULL AUTO_INCREMENT,
  `mnum` int(11) DEFAULT NULL,
  `id` varchar(30) DEFAULT NULL,
  `title` varchar(50) DEFAULT NULL,
  `species` varchar(15) DEFAULT '기타',
  `sex` varchar(1) DEFAULT 'X' COMMENT 'M(남)/F(여)/X(미상)',
  `characters` varchar(30) DEFAULT ' ',
  `date` date DEFAULT curdate() COMMENT 'TODAY',
  `location` varchar(30) DEFAULT ' ',
  `content` longtext DEFAULT ' ',
  `createdate` date DEFAULT curdate() COMMENT 'TODAY',
  `bdiv` int(1) DEFAULT 3 COMMENT '3(실종)/4(목격)',
  `isdelete` varchar(1) DEFAULT 'N' COMMENT 'N(미삭제)/Y(삭제)',
  `hasimg` varchar(1) DEFAULT 'N' COMMENT 'N(이미지x)/Y(이미지o)',
  `status` varchar(1) DEFAULT 'O' COMMENT 'O(공고)/B(귀가)/E(종료)/R(신고)',
  PRIMARY KEY (`num`),
  KEY `mnum` (`mnum`),
  CONSTRAINT `FK_misstbl_member` FOREIGN KEY (`mnum`) REFERENCES `member` (`mnum`) ON DELETE NO ACTION ON UPDATE NO ACTION
) ENGINE=InnoDB AUTO_INCREMENT=53 DEFAULT CHARSET=utf8mb3;

-- 테이블 데이터 okeedokee.misstbl:~0 rows (대략적) 내보내기
DELETE FROM `misstbl`;
/*!40000 ALTER TABLE `misstbl` DISABLE KEYS */;
INSERT INTO `misstbl` (`num`, `mnum`, `id`, `title`, `species`, `sex`, `characters`, `date`, `location`, `content`, `createdate`, `bdiv`, `isdelete`, `hasimg`, `status`) VALUES
	(1, 1, 'userid01', '실종제목테스트1', '시츄', 'M', '실종특징테스트1', '2021-08-23', '경기도 안양시 만안구 CGV 앞', '찾아주세요', '2021-10-23', 3, 'N', 'N', 'O'),
	(2, 2, 'userid02', '실종제목테스트2', '믹스', 'F', '실종특징테스트2', '2021-08-24', '서울시 강남구 신세계백화점 앞', '제발 찾아주세요', '2021-10-24', 3, 'N', 'N', 'O'),
	(3, 3, 'userid03', '실종제목테스트3', '말티즈', 'X', '실종특징테스트3', '2021-08-25', '서울시 구로구 구로역 1번 출구', '귀엽습니다', '2021-10-25', 3, 'N', 'N', 'O'),
	(4, 4, 'userid04', '실종제목테스트4', '치와와', 'M', '실종특징테스트4', '2021-08-26', '서울시 강남구 논현동 신논현역11번 출구 투썸 앞', '없어졌어요', '2021-10-26', 3, 'N', 'N', 'O'),
	(5, 5, 'userid05', '실종제목테스트5', '말티즈', 'F', '실종특징테스트5', '2021-08-27', '경기도 수원시 영통구 롯데아울렛 앞', '찾아주세요', '2021-10-27', 3, 'N', 'N', 'O'),
	(6, 6, 'userid06', '실종제목테스트6', '비숑프리제', 'X', '실종특징테스트6', '2021-08-28', '경기도 안양시 만안구 CGV 앞', '찾아주세요', '2021-10-28', 3, 'N', 'N', 'O'),
	(7, 7, 'userid07', '실종제목테스트7', '믹스', 'M', '실종특징테스트7', '2021-08-29', '서울시 강남구 신세계백화점 앞', '제발 찾아주세요', '2021-10-29', 3, 'N', 'N', 'O'),
	(8, 8, 'userid08', '실종제목테스트8', '시츄', 'F', '실종특징테스트8', '2021-08-30', '서울시 구로구 구로역 1번 출구', '귀엽습니다', '2021-10-30', 3, 'N', 'N', 'O'),
	(9, 9, 'userid09', '실종제목테스트9', '믹스', 'X', '실종특징테스트9', '2021-08-31', '서울시 강남구 논현동 신논현역11번 출구 투썸 앞', '없어졌어요', '2021-10-31', 3, 'N', 'N', 'O'),
	(10, 10, 'userid10', '실종제목테스트10', '말티즈', 'M', '실종특징테스트10', '2021-09-01', '경기도 수원시 영통구 롯데아울렛 앞', '찾아주세요', '2021-11-01', 3, 'N', 'N', 'O'),
	(11, 11, 'userid11', '실종제목테스트11', '치와와', 'F', '실종특징테스트11', '2021-09-02', '경기도 안양시 만안구 CGV 앞', '찾아주세요', '2021-11-02', 3, 'N', 'N', 'O'),
	(12, 12, 'userid12', '실종제목테스트12', '말티즈', 'X', '실종특징테스트12', '2021-09-03', '서울시 강남구 신세계백화점 앞', '제발 찾아주세요', '2021-11-03', 3, 'N', 'N', 'O'),
	(13, 13, 'userid13', '실종제목테스트13', '비숑프리제', 'M', '실종특징테스트13', '2021-09-04', '서울시 구로구 구로역 1번 출구', '귀엽습니다', '2021-11-04', 3, 'N', 'N', 'O'),
	(14, 14, 'userid14', '실종제목테스트14', '믹스', 'F', '실종특징테스트14', '2021-09-05', '서울시 강남구 논현동 신논현역11번 출구 투썸 앞', '없어졌어요', '2021-11-05', 3, 'N', 'N', 'O'),
	(15, 15, 'userid15', '실종제목테스트15', '시츄', 'X', '실종특징테스트15', '2021-09-06', '경기도 수원시 영통구 롯데아울렛 앞', '찾아주세요', '2021-11-06', 3, 'N', 'N', 'O'),
	(16, 16, 'userid16', '실종제목테스트16', '믹스', 'M', '실종특징테스트16', '2021-09-07', '경기도 안양시 만안구 CGV 앞', '찾아주세요', '2021-11-07', 3, 'N', 'N', 'O'),
	(17, 17, 'userid17', '실종제목테스트17', '말티즈', 'F', '실종특징테스트17', '2021-09-08', '서울시 강남구 신세계백화점 앞', '제발 찾아주세요', '2021-11-08', 3, 'N', 'N', 'O'),
	(18, 18, 'userid18', '실종제목테스트18', '치와와', 'X', '실종특징테스트18', '2021-09-09', '서울시 구로구 구로역 1번 출구', '귀엽습니다', '2021-11-09', 3, 'N', 'N', 'O'),
	(19, 19, 'userid19', '실종제목테스트19', '말티즈', 'M', '실종특징테스트19', '2021-09-10', '서울시 강남구 논현동 신논현역11번 출구 투썸 앞', '없어졌어요', '2021-11-10', 3, 'N', 'N', 'O'),
	(20, 20, 'userid20', '실종제목테스트20', '비숑프리제', 'F', '실종특징테스트20', '2021-09-11', '경기도 수원시 영통구 롯데아울렛 앞', '찾아주세요', '2021-11-11', 3, 'N', 'N', 'O'),
	(21, 21, 'userid21', '실종제목테스트21', '믹스', 'X', '실종특징테스트21', '2021-09-12', '경기도 안양시 만안구 CGV 앞', '찾아주세요', '2021-11-12', 3, 'N', 'N', 'O'),
	(22, 22, 'userid22', '실종제목테스트22', '시츄', 'M', '실종특징테스트22', '2021-09-13', '서울시 강남구 신세계백화점 앞', '제발 찾아주세요', '2021-11-13', 3, 'N', 'N', 'O'),
	(23, 23, 'userid23', '실종제목테스트23', '믹스', 'F', '실종특징테스트23', '2021-09-14', '서울시 구로구 구로역 1번 출구', '귀엽습니다', '2021-11-14', 3, 'N', 'N', 'O'),
	(24, 24, 'userid24', '실종제목테스트24', '말티즈', 'X', '실종특징테스트24', '2021-09-15', '서울시 강남구 논현동 신논현역11번 출구 투썸 앞', '없어졌어요', '2021-11-15', 3, 'N', 'N', 'O'),
	(25, 25, 'userid25', '실종제목테스트25', '치와와', 'M', '실종특징테스트25', '2021-09-16', '경기도 수원시 영통구 롯데아울렛 앞', '찾아주세요', '2021-11-16', 3, 'N', 'N', 'O'),
	(26, 26, 'userid26', '실종제목테스트26', '말티즈', 'M', '실종특징테스트26', '2021-09-17', '경기도 안양시 만안구 CGV 앞', '찾아주세요', '2021-11-17', 3, 'N', 'N', 'O'),
	(27, 27, 'userid27', '실종제목테스트27', '비숑프리제', 'F', '실종특징테스트27', '2021-09-18', '서울시 강남구 신세계백화점 앞', '제발 찾아주세요', '2021-11-18', 3, 'N', 'N', 'O'),
	(28, 28, 'userid28', '실종제목테스트28', '믹스', 'X', '실종특징테스트28', '2021-09-19', '서울시 구로구 구로역 1번 출구', '귀엽습니다', '2021-11-19', 3, 'N', 'N', 'O'),
	(29, 29, 'userid29', '실종제목테스트29', '시츄', 'M', '실종특징테스트29', '2021-09-20', '서울시 강남구 논현동 신논현역11번 출구 투썸 앞', '없어졌어요', '2021-11-20', 3, 'N', 'N', 'O'),
	(30, 30, 'userid30', '실종제목테스트30', '믹스', 'F', '실종특징테스트30', '2021-09-21', '경기도 수원시 영통구 롯데아울렛 앞', '찾아주세요', '2021-11-21', 3, 'N', 'N', 'O'),
	(31, 31, 'userid31', '실종제목테스트31', '말티즈', 'X', '실종특징테스트31', '2021-09-22', '경기도 안양시 만안구 CGV 앞', '찾아주세요', '2021-11-22', 3, 'N', 'N', 'O'),
	(32, 32, 'userid32', '실종제목테스트32', '치와와', 'M', '실종특징테스트32', '2021-09-23', '서울시 강남구 신세계백화점 앞', '제발 찾아주세요', '2021-11-23', 3, 'N', 'N', 'O'),
	(33, 33, 'userid33', '실종제목테스트33', '말티즈', 'M', '실종특징테스트33', '2021-09-24', '서울시 구로구 구로역 1번 출구', '귀엽습니다', '2021-11-24', 3, 'N', 'N', 'O'),
	(34, 34, 'userid34', '실종제목테스트34', '비숑프리제', 'F', '실종특징테스트34', '2021-09-25', '서울시 강남구 논현동 신논현역11번 출구 투썸 앞', '없어졌어요', '2021-11-25', 3, 'N', 'N', 'O'),
	(35, 35, 'userid35', '실종제목테스트35', '믹스', 'X', '실종특징테스트35', '2021-09-26', '경기도 수원시 영통구 롯데아울렛 앞', '찾아주세요', '2021-11-26', 3, 'N', 'N', 'O'),
	(36, 36, 'userid36', '실종제목테스트36', '시츄', 'M', '실종특징테스트36', '2021-09-27', '경기도 안양시 만안구 CGV 앞', '찾아주세요', '2021-11-27', 3, 'N', 'N', 'O'),
	(37, 37, 'userid37', '실종제목테스트37', '믹스', 'F', '실종특징테스트37', '2021-09-28', '서울시 강남구 신세계백화점 앞', '제발 찾아주세요', '2021-11-28', 3, 'N', 'N', 'O'),
	(38, 38, 'userid38', '실종제목테스트38', '말티즈', 'X', '실종특징테스트38', '2021-09-29', '서울시 구로구 구로역 1번 출구', '귀엽습니다', '2021-11-29', 3, 'N', 'N', 'O'),
	(39, 39, 'userid39', '실종제목테스트39', '치와와', 'M', '실종특징테스트39', '2021-09-30', '서울시 강남구 논현동 신논현역11번 출구 투썸 앞', '없어졌어요', '2021-11-30', 3, 'N', 'N', 'O'),
	(40, 40, 'userid40', '실종제목테스트40', '말티즈', 'M', '실종특징테스트40', '2021-10-01', '경기도 수원시 영통구 롯데아울렛 앞', '찾아주세요', '2021-12-01', 3, 'N', 'N', 'O'),
	(41, 41, 'userid41', '실종제목테스트41', '비숑프리제', 'F', '실종특징테스트41', '2021-10-02', '경기도 안양시 만안구 CGV 앞', '찾아주세요', '2021-12-02', 3, 'N', 'N', 'O'),
	(42, 42, 'userid42', '실종제목테스트42', '믹스', 'X', '실종특징테스트42', '2021-10-03', '서울시 강남구 신세계백화점 앞', '제발 찾아주세요', '2021-12-03', 3, 'N', 'N', 'O'),
	(43, 43, 'userid43', '실종제목테스트43', '푸들', 'M', '실종특징테스트43', '2021-10-04', '서울시 구로구 구로역 1번 출구', '귀엽습니다', '2021-12-04', 3, 'N', 'N', 'O'),
	(44, 44, 'userid44', '실종제목테스트44', '요크셔테리어', 'F', '실종특징테스트44', '2021-10-05', '서울시 강남구 논현동 신논현역11번 출구 투썸 앞', '없어졌어요', '2021-12-05', 3, 'N', 'N', 'O'),
	(45, 45, 'userid45', '실종제목테스트45', '푸들', 'X', '실종특징테스트45', '2021-10-06', '경기도 수원시 영통구 롯데아울렛 앞', '찾아주세요', '2021-12-06', 3, 'N', 'N', 'O'),
	(46, 46, 'userid46', '실종제목테스트46', '말티즈', 'M', '실종특징테스트46', '2021-10-07', '경기도 안양시 만안구 CGV 앞', '찾아주세요', '2021-12-07', 3, 'N', 'N', 'O'),
	(47, 47, 'userid47', '실종제목테스트47', '아프간하운드', 'M', '실종특징테스트47', '2021-10-08', '서울시 강남구 신세계백화점 앞', '제발 찾아주세요', '2021-12-08', 3, 'N', 'N', 'O'),
	(48, 48, 'userid48', '실종제목테스트48', '불독', 'F', '실종특징테스트48', '2021-10-09', '서울시 구로구 구로역 1번 출구', '귀엽습니다', '2021-12-09', 3, 'N', 'N', 'O'),
	(49, 49, 'userid49', '실종제목테스트49', '불독', 'X', '실종특징테스트49', '2021-10-10', '서울시 강남구 논현동 신논현역11번 출구 투썸 앞', '없어졌어요', '2021-12-10', 3, 'N', 'N', 'O'),
	(50, 50, 'userid50', '실종제목테스트50', '불독', 'M', '실종특징테스트50', '2021-10-11', '경기도 수원시 영통구 롯데아울렛 앞', '찾아주세요', '2021-12-11', 3, 'N', 'N', 'O'),
	(51, 1, 'userid01', '연동실종테스트1', '푸들', 'F', '연동실종테스트1', '2022-02-16', '연동실종테스트1', '<p><span style="font-size: 36pt;">연동실종테스트1</span>&nbsp;</p>', '2022-02-03', 3, 'N', 'Y', 'O'),
	(52, 2, 'userid02', '연동실종테스트2', '푸들', 'F', '연동실종테스트2', '2022-02-21', '연동실종테스트2', '<p><span style="font-family: 궁서, Gungsuh, GungSeo; font-size: 36pt; background-color: rgb(255, 167, 0); color: rgb(0, 0, 0);"><b>연동실종테스트2</b></span>&nbsp;</p><p><b style="font-family: 궁서, Gungsuh, GungSeo; font-size: 48px;">연동실종테스트2</b><span style="font-family: 궁서, Gungsuh, GungSeo; font-size: 36pt; background-color: rgb(255, 167, 0); color: rgb(0, 0, 0);"><b>&nbsp;</b></span></p><p><b style="font-family: 궁서, Gungsuh, GungSeo; font-size: 48px;">연동실종테스트2</b><b style="font-family: 궁서, Gungsuh, GungSeo; font-size: 48px;">&nbsp;</b></p><p><b style="font-family: 궁서, Gungsuh, GungSeo; font-size: 48px;">연동실종테스트2</b><b style="font-family: 궁서, Gungsuh, GungSeo; font-size: 48px;">&nbsp;</b></p><p><b style="font-family: 궁서, Gungsuh, GungSeo; font-size: 48px;">연동실종테스트2</b><b style="font-family: 궁서, Gungsuh, GungSeo; font-size: 48px;">&nbsp;</b></p><p><b style="font-family: 궁서, Gungsuh, GungSeo; font-size: 48px;">연동실종테스트2</b><b style="font-family: 궁서, Gungsuh, GungSeo; font-size: 48px;">&nbsp;</b></p>', '2022-02-03', 3, 'N', 'Y', 'O');
/*!40000 ALTER TABLE `misstbl` ENABLE KEYS */;


-- 테이블 okeedokee.misscmt 구조 내보내기
CREATE TABLE IF NOT EXISTS `misscmt` (
  `num` int(11) NOT NULL AUTO_INCREMENT,
  `id` varchar(30) DEFAULT NULL,
  `cmt` varchar(255) DEFAULT NULL,
  `createdate` date DEFAULT curdate(),
  `bnum` int(11) DEFAULT NULL,
  PRIMARY KEY (`num`),
  KEY `bnum` (`bnum`),
  CONSTRAINT `FK_misscmt_misstbl_bnum` FOREIGN KEY (`bnum`) REFERENCES `misstbl` (`num`) ON DELETE NO ACTION ON UPDATE NO ACTION
) ENGINE=InnoDB AUTO_INCREMENT=11 DEFAULT CHARSET=utf8mb3;

-- 테이블 데이터 okeedokee.misscmt:~0 rows (대략적) 내보내기
DELETE FROM `misscmt`;
/*!40000 ALTER TABLE `misscmt` DISABLE KEYS */;
INSERT INTO `misscmt` (`num`, `id`, `cmt`, `createdate`, `bnum`) VALUES
	(7, 'sessionId', '댓글테스트1', '2022-02-03', 51),
	(8, 'userid02', '댓글테스트', '2022-02-03', 52),
	(10, 'userid02', '댓글테스트11', '2022-02-03', 51);
/*!40000 ALTER TABLE `misscmt` ENABLE KEYS */;



-- 테이블 okeedokee.selfflyertbl 구조 내보내기
CREATE TABLE IF NOT EXISTS `selfflyertbl` (
  `num` int(11) NOT NULL AUTO_INCREMENT,
  `mnum` int(11) DEFAULT NULL,
  `id` varchar(30) DEFAULT NULL,
  `petName` varchar(20) DEFAULT NULL,
  `species` varchar(50) DEFAULT NULL,
  `sex` varchar(1) DEFAULT NULL,
  `age` int(11) DEFAULT NULL,
  `characters` varchar(50) DEFAULT NULL,
  `location` varchar(50) DEFAULT NULL,
  `gratuity` varchar(3) DEFAULT NULL COMMENT '5, 10, 15, 20, 25, 30 만원, 공백 중 택 1',
  `phone` varchar(50) DEFAULT NULL,
  `color` varchar(30) DEFAULT '#ff8080',
  `status` varchar(1) DEFAULT 'O' COMMENT 'O(공고)/B(귀가)/E(종료)/R(신고)',
  `hasimg` varchar(1) DEFAULT 'N' COMMENT 'N(없음)/Y(있음)',
  PRIMARY KEY (`num`),
  KEY `mnum` (`mnum`),
  KEY `phone` (`phone`),
  CONSTRAINT `FK_selfflyertbl_member` FOREIGN KEY (`mnum`) REFERENCES `member` (`mnum`) ON DELETE NO ACTION ON UPDATE NO ACTION
) ENGINE=InnoDB AUTO_INCREMENT=101 DEFAULT CHARSET=utf8mb3;

-- 테이블 데이터 okeedokee.selfflyertbl:~0 rows (대략적) 내보내기
DELETE FROM `selfflyertbl`;
/*!40000 ALTER TABLE `selfflyertbl` DISABLE KEYS */;
INSERT INTO `selfflyertbl` (`num`, `mnum`, `id`, `petName`, `species`, `sex`, `age`, `characters`, `location`, `gratuity`, `phone`, `color`, `status`, `hasimg`) VALUES
	(1, 1, 'userid01', '코코', '푸들', 'M', 1, '눈 옆에 까만 점박이', '경기도 군포시 당동 당정역 앞', '30', '010-1111-1111', '#ff8080', 'O', 'N'),
	(2, 2, 'userid02', '보리', '믹스', 'F', 2, '꼬리가 짧고, 배에 점 있음', '강남역 11번 출구 앞', '25', '010-1111-1112', '#ff8080', 'O', 'N'),
	(3, 3, 'userid03', '콩이', '진도', 'M', 3, '실종 당시 노란색 니트 착용', '고속터미널 역 신세계백화점 앞', '20', '010-1111-1113', '#ff8080', 'O', 'N'),
	(4, 4, 'userid04', '초코', '요크셔테리어', 'F', 4, '귀여움', '경기도 광주시 오포읍 00슈퍼', '15', '010-1111-1114', '#ff8080', 'O', 'N'),
	(5, 5, 'userid05', '두부', '비숑', 'M', 5, '애교가 많음', '몽촌토성역 앞', '10', '010-1111-1115', '#ff8080', 'O', 'N'),
	(6, 6, 'userid06', '호두', '시츄', 'F', 6, '겁이 많음', '경기도 군포시 당동 당정역 앞', '5', '010-1111-1116', '#ff8080', 'O', 'N'),
	(7, 7, 'userid07', '별이', '웰시코기', 'M', 7, '눈 옆에 까만 점박이', '강남역 11번 출구 앞', '30', '010-1111-1117', '#ff8080', 'O', 'N'),
	(8, 8, 'userid08', '사랑이', '말티즈', 'F', 8, '꼬리가 짧고, 배에 점 있음', '고속터미널 역 신세계백화점 앞', '25', '010-1111-1118', '#ff8080', 'O', 'N'),
	(9, 9, 'userid09', '까미', '치와와', 'M', 9, '실종 당시 노란색 니트 착용', '경기도 광주시 오포읍 00슈퍼', '20', '010-1111-1119', '#ff8080', 'O', 'N'),
	(10, 10, 'userid10', '몽이', '불독', 'F', 1, '귀여움', '몽촌토성역 앞', '15', '010-1111-1120', '#ff8080', 'O', 'N'),
	(11, 11, 'userid11', '토리', '핏불테리어', 'M', 2, '애교가 많음', '경기도 군포시 당동 당정역 앞', '10', '010-1111-1121', '#ff8080', 'O', 'N'),
	(12, 12, 'userid12', '마루', '푸들', 'F', 3, '겁이 많음', '강남역 11번 출구 앞', '5', '010-1111-1122', '#ff8080', 'O', 'N'),
	(13, 13, 'userid13', '구름', '믹스', 'M', 4, '눈 옆에 까만 점박이', '고속터미널 역 신세계백화점 앞', '30', '010-1111-1123', '#ff8080', 'O', 'N'),
	(14, 14, 'userid14', '뭉치', '진도', 'F', 5, '꼬리가 짧고, 배에 점 있음', '경기도 광주시 오포읍 00슈퍼', '25', '010-1111-1124', '#ff8080', 'O', 'N'),
	(15, 15, 'userid15', '해피', '요크셔테리어', 'M', 6, '실종 당시 노란색 니트 착용', '몽촌토성역 앞', '20', '010-1111-1125', '#ff8080', 'O', 'N'),
	(16, 16, 'userid16', '꼬미', '비숑', 'F', 7, '귀여움', '경기도 군포시 당동 당정역 앞', '15', '010-1111-1126', '#ff8080', 'O', 'N'),
	(17, 17, 'userid17', '망고', '시츄', 'M', 8, '애교가 많음', '강남역 11번 출구 앞', '10', '010-1111-1127', '#ff8080', 'O', 'N'),
	(18, 18, 'userid18', '똘이', '웰시코기', 'F', 9, '겁이 많음', '고속터미널 역 신세계백화점 앞', '5', '010-1111-1128', '#ff8080', 'O', 'N'),
	(19, 19, 'userid19', '봄', '말티즈', 'M', 5, '눈 옆에 까만 점박이', '경기도 광주시 오포읍 00슈퍼', '30', '010-1111-1129', '#ff8080', 'O', 'N'),
	(20, 20, 'userid20', '쿠키', '치와와', 'F', 6, '꼬리가 짧고, 배에 점 있음', '몽촌토성역 앞', '25', '010-1111-1130', '#ff8080', 'O', 'N'),
	(21, 21, 'userid21', '사랑', '불독', 'M', 7, '실종 당시 노란색 니트 착용', '경기도 군포시 당동 당정역 앞', '20', '010-1111-1131', '#ff8080', 'O', 'N'),
	(22, 22, 'userid22', '콩', '핏불테리어', 'F', 8, '귀여움', '강남역 11번 출구 앞', '15', '010-1111-1132', '#ff8080', 'O', 'N'),
	(23, 23, 'userid23', '둥이', '푸들', 'M', 9, '애교가 많음', '고속터미널 역 신세계백화점 앞', '10', '010-1111-1133', '#ff8080', 'O', 'N'),
	(24, 24, 'userid24', '모찌', '믹스', 'F', 10, '겁이 많음', '경기도 광주시 오포읍 00슈퍼', '5', '010-1111-1134', '#ff8080', 'O', 'N'),
	(25, 25, 'userid25', '별', '진도', 'M', 4, '눈 옆에 까만 점박이', '몽촌토성역 앞', '30', '010-1111-1135', '#ff8080', 'O', 'N'),
	(26, 26, 'userid26', '만두', '요크셔테리어', 'F', 5, '꼬리가 짧고, 배에 점 있음', '경기도 군포시 당동 당정역 앞', '25', '010-1111-1136', '#ff8080', 'O', 'N'),
	(27, 27, 'userid27', '봄이', '비숑', 'M', 6, '실종 당시 노란색 니트 착용', '강남역 11번 출구 앞', '20', '010-1111-1137', '#ff8080', 'O', 'N'),
	(28, 28, 'userid28', '초롱이', '시츄', 'F', 7, '귀여움', '고속터미널 역 신세계백화점 앞', '15', '010-1111-1138', '#ff8080', 'O', 'N'),
	(29, 29, 'userid29', '아리', '웰시코기', 'M', 8, '애교가 많음', '경기도 광주시 오포읍 00슈퍼', '10', '010-1111-1139', '#ff8080', 'O', 'N'),
	(30, 30, 'userid30', '하루', '말티즈', 'F', 4, '겁이 많음', '몽촌토성역 앞', '5', '010-1111-1140', '#ff8080', 'O', 'N'),
	(31, 31, 'userid31', '레오', '치와와', 'M', 7, '눈 옆에 까만 점박이', '경기도 군포시 당동 당정역 앞', '30', '010-1111-1141', '#ff8080', 'O', 'N'),
	(32, 32, 'userid32', '뚱이', '불독', 'F', 6, '꼬리가 짧고, 배에 점 있음', '강남역 11번 출구 앞', '25', '010-1111-1142', '#ff8080', 'O', 'N'),
	(33, 33, 'userid33', '루이', '핏불테리어', 'M', 7, '실종 당시 노란색 니트 착용', '고속터미널 역 신세계백화점 앞', '20', '010-1111-1143', '#ff8080', 'O', 'N'),
	(34, 34, 'userid34', '감자', '푸들', 'F', 8, '귀여움', '경기도 광주시 오포읍 00슈퍼', '15', '010-1111-1144', '#ff8080', 'O', 'N'),
	(35, 35, 'userid35', '토토', '믹스', 'M', 9, '애교가 많음', '몽촌토성역 앞', '10', '010-1111-1145', '#ff8080', 'O', 'N'),
	(36, 36, 'userid36', '구름이', '진도', 'F', 1, '겁이 많음', '경기도 군포시 당동 당정역 앞', '5', '010-1111-1146', '#ff8080', 'O', 'N'),
	(37, 37, 'userid37', '가을', '요크셔테리어', 'M', 2, '눈 옆에 까만 점박이', '강남역 11번 출구 앞', '30', '010-1111-1147', '#ff8080', 'O', 'N'),
	(38, 38, 'userid38', '송이', '비숑', 'F', 3, '꼬리가 짧고, 배에 점 있음', '고속터미널 역 신세계백화점 앞', '25', '010-1111-1148', '#ff8080', 'O', 'N'),
	(39, 39, 'userid39', '모모', '시츄', 'M', 8, '실종 당시 노란색 니트 착용', '경기도 광주시 오포읍 00슈퍼', '20', '010-1111-1149', '#ff8080', 'O', 'N'),
	(40, 40, 'userid40', '땅콩', '웰시코기', 'F', 9, '귀여움', '몽촌토성역 앞', '15', '010-1111-1150', '#ff8080', 'O', 'N'),
	(41, 41, 'userid41', '루비', '말티즈', 'M', 1, '애교가 많음', '경기도 군포시 당동 당정역 앞', '10', '010-1111-1151', '#ff8080', 'O', 'N'),
	(42, 42, 'userid42', '짱아', '치와와', 'F', 2, '겁이 많음', '강남역 11번 출구 앞', '5', '010-1111-1152', '#ff8080', 'O', 'N'),
	(43, 43, 'userid43', '흰둥이', '불독', 'M', 3, '눈 옆에 까만 점박이', '고속터미널 역 신세계백화점 앞', '30', '010-1111-1153', '#ff8080', 'O', 'N'),
	(44, 44, 'userid44', '뽀미', '핏불테리어', 'F', 4, '꼬리가 짧고, 배에 점 있음', '경기도 광주시 오포읍 00슈퍼', '25', '010-1111-1154', '#ff8080', 'O', 'N'),
	(45, 45, 'userid45', '미미', '푸들', 'M', 5, '눈 옆에 까만 점박이', '몽촌토성역 앞', '20', '010-1111-1155', '#ff8080', 'O', 'N'),
	(46, 46, 'userid46', '장군', '믹스', 'F', 6, '꼬리가 짧고, 배에 점 있음', '경기도 군포시 당동 당정역 앞', '15', '010-1111-1156', '#ff8080', 'O', 'N'),
	(47, 47, 'userid47', '아롱이', '진도', 'M', 7, '실종 당시 노란색 니트 착용', '강남역 11번 출구 앞', '10', '010-1111-1157', '#ff8080', 'O', 'N'),
	(48, 48, 'userid48', '두리', '요크셔테리어', 'F', 8, '귀여움', '고속터미널 역 신세계백화점 앞', '5', '010-1111-1158', '#ff8080', 'O', 'N'),
	(49, 49, 'userid49', '여름', '비숑', 'M', 9, '애교가 많음', '경기도 광주시 오포읍 00슈퍼', '30', '010-1111-1159', '#ff8080', 'O', 'N'),
	(50, 50, 'userid50', '밍키', '시츄', 'F', 5, '겁이 많음', '몽촌토성역 앞', '25', '010-1111-1160', '#ff8080', 'O', 'N'),
	(51, 51, 'userid51', '복실이', '웰시코기', 'M', 6, '눈 옆에 까만 점박이', '경기도 군포시 당동 당정역 앞', '20', '010-1111-1161', '#ff8080', 'O', 'N'),
	(52, 52, 'userid52', '럭키', '말티즈', 'F', 7, '꼬리가 짧고, 배에 점 있음', '강남역 11번 출구 앞', '15', '010-1111-1162', '#ff8080', 'O', 'N'),
	(53, 53, 'userid53', '크림', '치와와', 'M', 8, '실종 당시 노란색 니트 착용', '고속터미널 역 신세계백화점 앞', '10', '010-1111-1163', '#ff8080', 'O', 'N'),
	(54, 54, 'userid54', '아지', '불독', 'F', 9, '귀여움', '경기도 광주시 오포읍 00슈퍼', '5', '010-1111-1164', '#ff8080', 'O', 'N'),
	(55, 55, 'userid55', '쪼꼬', '핏불테리어', 'M', 10, '애교가 많음', '몽촌토성역 앞', '30', '010-1111-1165', '#ff8080', 'O', 'N'),
	(56, 56, 'userid56', '누리', '푸들', 'F', 4, '겁이 많음', '경기도 군포시 당동 당정역 앞', '25', '010-1111-1166', '#ff8080', 'O', 'N'),
	(57, 57, 'userid57', '하늘', '믹스', 'M', 5, '눈 옆에 까만 점박이', '강남역 11번 출구 앞', '20', '010-1111-1167', '#ff8080', 'O', 'N'),
	(58, 58, 'userid58', '몽실', '진도', 'F', 6, '꼬리가 짧고, 배에 점 있음', '고속터미널 역 신세계백화점 앞', '15', '010-1111-1168', '#ff8080', 'O', 'N'),
	(59, 59, 'userid59', '달이', '요크셔테리어', 'M', 8, '실종 당시 노란색 니트 착용', '경기도 광주시 오포읍 00슈퍼', '10', '010-1111-1169', '#ff8080', 'O', 'N'),
	(60, 60, 'userid60', '백구', '비숑', 'F', 9, '귀여움', '몽촌토성역 앞', '5', '010-1111-1170', '#ff8080', 'O', 'N'),
	(61, 61, 'userid61', '라떼', '시츄', 'M', 1, '애교가 많음', '경기도 군포시 당동 당정역 앞', '30', '010-1111-1171', '#ff8080', 'O', 'N'),
	(62, 62, 'userid62', '초롱', '웰시코기', 'F', 2, '겁이 많음', '강남역 11번 출구 앞', '25', '010-1111-1172', '#ff8080', 'O', 'N'),
	(63, 63, 'userid63', '매리', '말티즈', 'M', 3, '눈 옆에 까만 점박이', '고속터미널 역 신세계백화점 앞', '20', '010-1111-1173', '#ff8080', 'O', 'N'),
	(64, 64, 'userid64', '뽀삐', '치와와', 'F', 4, '꼬리가 짧고, 배에 점 있음', '경기도 광주시 오포읍 00슈퍼', '15', '010-1111-1174', '#ff8080', 'O', 'N'),
	(65, 65, 'userid65', '몽실이', '불독', 'M', 5, '실종 당시 노란색 니트 착용', '몽촌토성역 앞', '10', '010-1111-1175', '#ff8080', 'O', 'N'),
	(66, 66, 'userid66', '대박', '핏불테리어', 'F', 6, '귀여움', '경기도 군포시 당동 당정역 앞', '5', '010-1111-1176', '#ff8080', 'O', 'N'),
	(67, 67, 'userid67', '마리', '푸들', 'M', 7, '애교가 많음', '강남역 11번 출구 앞', '30', '010-1111-1177', '#ff8080', 'O', 'N'),
	(68, 68, 'userid68', '공주', '믹스', 'F', 8, '겁이 많음', '고속터미널 역 신세계백화점 앞', '25', '010-1111-1178', '#ff8080', 'O', 'N'),
	(69, 69, 'userid69', '세리', '진도', 'M', 9, '눈 옆에 까만 점박이', '경기도 광주시 오포읍 00슈퍼', '20', '010-1111-1179', '#ff8080', 'O', 'N'),
	(70, 70, 'userid70', '솜이', '요크셔테리어', 'F', 5, '꼬리가 짧고, 배에 점 있음', '몽촌토성역 앞', '15', '010-1111-1180', '#ff8080', 'O', 'N'),
	(71, 71, 'userid71', '예뻐', '비숑', 'M', 6, '실종 당시 노란색 니트 착용', '경기도 군포시 당동 당정역 앞', '10', '010-1111-1181', '#ff8080', 'O', 'N'),
	(72, 72, 'userid72', '구찌', '시츄', 'F', 7, '귀여움', '강남역 11번 출구 앞', '5', '010-1111-1182', '#ff8080', 'O', 'N'),
	(73, 73, 'userid73', '쵸코', '웰시코기', 'M', 8, '애교가 많음', '고속터미널 역 신세계백화점 앞', '30', '010-1111-1183', '#ff8080', 'O', 'N'),
	(74, 74, 'userid74', '쭁이', '말티즈', 'F', 9, '겁이 많음', '경기도 광주시 오포읍 00슈퍼', '25', '010-1111-1184', '#ff8080', 'O', 'N'),
	(75, 75, 'userid75', '봉구', '치와와', 'M', 10, '눈 옆에 까만 점박이', '몽촌토성역 앞', '20', '010-1111-1185', '#ff8080', 'O', 'N'),
	(76, 76, 'userid76', '짱구', '불독', 'F', 4, '꼬리가 짧고, 배에 점 있음', '경기도 군포시 당동 당정역 앞', '15', '010-1111-1186', '#ff8080', 'O', 'N'),
	(77, 77, 'userid77', '딸기', '핏불테리어', 'M', 5, '실종 당시 노란색 니트 착용', '강남역 11번 출구 앞', '10', '010-1111-1187', '#ff8080', 'O', 'N'),
	(78, 78, 'userid78', '겨울', '푸들', 'F', 6, '귀여움', '고속터미널 역 신세계백화점 앞', '5', '010-1111-1188', '#ff8080', 'O', 'N'),
	(79, 79, 'userid79', '로또', '믹스', 'M', 8, '애교가 많음', '경기도 광주시 오포읍 00슈퍼', '30', '010-1111-1189', '#ff8080', 'O', 'N'),
	(80, 80, 'userid80', '모카', '진도', 'F', 9, '겁이 많음', '몽촌토성역 앞', '25', '010-1111-1190', '#ff8080', 'O', 'N'),
	(81, 81, 'userid81', '자두', '요크셔테리어', 'M', 1, '눈 옆에 까만 점박이', '경기도 군포시 당동 당정역 앞', '20', '010-1111-1191', '#ff8080', 'O', 'N'),
	(82, 82, 'userid82', '단비', '비숑', 'F', 2, '꼬리가 짧고, 배에 점 있음', '강남역 11번 출구 앞', '15', '010-1111-1192', '#ff8080', 'O', 'N'),
	(83, 83, 'userid83', '또또', '시츄', 'M', 3, '실종 당시 노란색 니트 착용', '고속터미널 역 신세계백화점 앞', '10', '010-1111-1193', '#ff8080', 'O', 'N'),
	(84, 84, 'userid84', '탄이', '웰시코기', 'F', 4, '귀여움', '경기도 광주시 오포읍 00슈퍼', '5', '010-1111-1194', '#ff8080', 'O', 'N'),
	(85, 85, 'userid85', '방울이', '말티즈', 'M', 5, '애교가 많음', '몽촌토성역 앞', '30', '010-1111-1195', '#ff8080', 'O', 'N'),
	(86, 86, 'userid86', '행복', '치와와', 'F', 6, '겁이 많음', '경기도 군포시 당동 당정역 앞', '25', '010-1111-1196', '#ff8080', 'O', 'N'),
	(87, 87, 'userid87', '탄', '불독', 'M', 7, '눈 옆에 까만 점박이', '강남역 11번 출구 앞', '20', '010-1111-1197', '#ff8080', 'O', 'N'),
	(88, 88, 'userid88', '몽', '핏불테리어', 'F', 8, '꼬리가 짧고, 배에 점 있음', '고속터미널 역 신세계백화점 앞', '15', '010-1111-1198', '#ff8080', 'O', 'N'),
	(89, 89, 'userid89', '순이', '푸들', 'M', 9, '눈 옆에 까만 점박이', '경기도 광주시 오포읍 00슈퍼', '10', '010-1111-1199', '#ff8080', 'O', 'N'),
	(90, 90, 'userid90', '똘똘이', '믹스', 'F', 5, '꼬리가 짧고, 배에 점 있음', '몽촌토성역 앞', '5', '010-1111-1200', '#ff8080', 'O', 'N'),
	(91, 91, 'userid91', '나나', '진도', 'M', 6, '실종 당시 노란색 니트 착용', '경기도 군포시 당동 당정역 앞', '30', '010-1111-1201', '#ff8080', 'O', 'N'),
	(92, 92, 'userid92', '앵두', '요크셔테리어', 'F', 7, '귀여움', '강남역 11번 출구 앞', '25', '010-1111-1202', '#ff8080', 'O', 'N'),
	(93, 93, 'userid93', '후추', '비숑', 'M', 8, '애교가 많음', '고속터미널 역 신세계백화점 앞', '20', '010-1111-1203', '#ff8080', 'O', 'N'),
	(94, 94, 'userid94', '로이', '시츄', 'F', 9, '겁이 많음', '경기도 광주시 오포읍 00슈퍼', '15', '010-1111-1204', '#ff8080', 'O', 'N'),
	(95, 95, 'userid95', '밀크', '웰시코기', 'M', 10, '눈 옆에 까만 점박이', '몽촌토성역 앞', '10', '010-1111-1205', '#ff8080', 'O', 'N'),
	(96, 96, 'userid96', '요미', '말티즈', 'F', 4, '꼬리가 짧고, 배에 점 있음', '경기도 군포시 당동 당정역 앞', '5', '010-1111-1206', '#ff8080', 'O', 'N'),
	(97, 97, 'userid97', '복돌이', '치와와', 'M', 5, '실종 당시 노란색 니트 착용', '강남역 11번 출구 앞', '10', '010-1111-1207', '#ff8080', 'O', 'N'),
	(98, 98, 'userid98', '다롱이', '불독', 'F', 6, '귀여움', '고속터미널 역 신세계백화점 앞', '5', '010-1111-1208', '#ff8080', 'O', 'N'),
	(99, 99, 'userid99', '대박이', '핏불테리어', 'M', 4, '애교가 많음', '경기도 광주시 오포읍 00슈퍼', '30', '010-1111-1209', '#ff8080', 'O', 'N'),
	(100, 100, 'userid100', '설이', '푸들', 'F', 5, '겁이 많음', '몽촌토성역 앞', '25', '010-1111-1210', '#ff8080', 'O', 'N');
/*!40000 ALTER TABLE `selfflyertbl` ENABLE KEYS */;


-- 테이블 okeedokee.selfflyercmt 구조 내보내기
CREATE TABLE IF NOT EXISTS `selfflyercmt` (
  `num` int(11) NOT NULL AUTO_INCREMENT,
  `id` varchar(30) DEFAULT NULL,
  `cmt` varchar(255) DEFAULT NULL,
  `createdate` date DEFAULT curdate(),
  `bnum` int(11) DEFAULT NULL,
  PRIMARY KEY (`num`) USING BTREE,
  KEY `bnum` (`bnum`),
  CONSTRAINT `FK_selfflyercmt_selfflyertbl` FOREIGN KEY (`bnum`) REFERENCES `selfflyertbl` (`num`) ON DELETE NO ACTION ON UPDATE NO ACTION
) ENGINE=InnoDB AUTO_INCREMENT=5 DEFAULT CHARSET=utf8mb3;

-- 테이블 데이터 okeedokee.selfflyercmt:~0 rows (대략적) 내보내기
DELETE FROM `selfflyercmt`;
/*!40000 ALTER TABLE `selfflyercmt` DISABLE KEYS */;
/*!40000 ALTER TABLE `selfflyercmt` ENABLE KEYS */;


-- 테이블 okeedokee.witnesstbl 구조 내보내기
CREATE TABLE IF NOT EXISTS `witnesstbl` (
  `num` int(11) NOT NULL AUTO_INCREMENT,
  `mnum` int(11) DEFAULT NULL,
  `id` varchar(30) DEFAULT NULL,
  `title` varchar(50) DEFAULT NULL,
  `species` varchar(15) DEFAULT '기타',
  `sex` varchar(1) DEFAULT 'X' COMMENT 'M(남)/F(여)/X(미상)',
  `characters` varchar(30) DEFAULT ' ',
  `date` date DEFAULT curdate() COMMENT 'TODAY',
  `location` varchar(30) DEFAULT ' ',
  `content` longtext DEFAULT ' ',
  `createdate` date DEFAULT curdate() COMMENT 'TODAY',
  `bdiv` int(1) DEFAULT 4 COMMENT '3(실종)/4(목격)',
  `isdelete` varchar(1) DEFAULT 'N' COMMENT 'N(미삭제)/Y(삭제)',
  `hasimg` varchar(1) DEFAULT 'N' COMMENT 'N(이미지x)/Y(이미지o)',
  `status` varchar(1) DEFAULT 'O' COMMENT 'O(공고)/B(귀가)/E(종료)/R(신고)',
  PRIMARY KEY (`num`),
  KEY `mnum` (`mnum`),
  CONSTRAINT `FK_witnesstbl_member` FOREIGN KEY (`mnum`) REFERENCES `member` (`mnum`) ON DELETE NO ACTION ON UPDATE NO ACTION
) ENGINE=InnoDB AUTO_INCREMENT=51 DEFAULT CHARSET=utf8mb3;

-- 테이블 데이터 okeedokee.witnesstbl:~0 rows (대략적) 내보내기
DELETE FROM `witnesstbl`;
/*!40000 ALTER TABLE `witnesstbl` DISABLE KEYS */;
INSERT INTO `witnesstbl` (`num`, `mnum`, `id`, `title`, `species`, `sex`, `characters`, `date`, `location`, `content`, `createdate`, `bdiv`, `isdelete`, `hasimg`, `status`) VALUES
	(1, 16, 'userid16', '목격제목테스트1', '믹스', 'X', '목격특징테스트1', '2021-10-11', '경기도 안양시 만안구 CGV 앞', '목격했습니다.', '2021-12-01', 4, 'N', 'N', 'O'),
	(2, 17, 'userid17', '목격제목테스트2', '믹스', 'X', '목격특징테스트2', '2021-10-11', '서울시 강남구 신세계백화점 앞', '목격목격', '2021-12-02', 4, 'N', 'N', 'O'),
	(3, 18, 'userid18', '목격제목테스트3', '믹스', 'X', '목격특징테스트3', '2021-10-11', '서울시 구로구 구로역 1번 출구', '목격내용', '2021-12-03', 4, 'N', 'N', 'O'),
	(4, 19, 'userid19', '목격제목테스트4', '믹스', 'X', '목격특징테스트4', '2021-10-11', '서울시 강남구 논현동 신논현역11번 출구 투썸 앞', '목격한 내용', '2021-12-04', 4, 'N', 'N', 'O'),
	(5, 20, 'userid20', '목격제목테스트5', '믹스', 'X', '목격특징테스트5', '2021-10-11', '경기도 수원시 영통구 롯데아울렛 앞', '목격 했습니다.', '2021-12-05', 4, 'N', 'N', 'O'),
	(6, 21, 'userid21', '목격제목테스트6', '믹스', 'X', '목격특징테스트6', '2021-10-11', '경기도 안양시 만안구 CGV 앞', '목격했습니다.', '2021-12-06', 4, 'N', 'N', 'O'),
	(7, 22, 'userid22', '목격제목테스트7', '믹스', 'X', '목격특징테스트7', '2021-10-11', '서울시 강남구 신세계백화점 앞', '목격목격', '2021-12-07', 4, 'N', 'N', 'O'),
	(8, 23, 'userid23', '목격제목테스트8', '믹스', 'X', '목격특징테스트8', '2021-10-11', '서울시 구로구 구로역 1번 출구', '목격내용', '2021-12-08', 4, 'N', 'N', 'O'),
	(9, 24, 'userid24', '목격제목테스트9', '믹스', 'X', '목격특징테스트9', '2021-10-11', '서울시 강남구 논현동 신논현역11번 출구 투썸 앞', '목격한 내용', '2021-12-09', 4, 'N', 'N', 'O'),
	(10, 25, 'userid25', '목격제목테스트10', '믹스', 'X', '목격특징테스트10', '2021-10-20', '경기도 수원시 영통구 롯데아울렛 앞', '목격 했습니다.', '2021-12-10', 4, 'N', 'N', 'O'),
	(11, 26, 'userid26', '목격제목테스트11', '믹스', 'X', '목격특징테스트11', '2021-10-20', '경기도 안양시 만안구 CGV 앞', '목격했습니다.', '2021-12-11', 4, 'N', 'N', 'O'),
	(12, 27, 'userid27', '목격제목테스트12', '믹스', 'X', '목격특징테스트12', '2021-10-20', '서울시 강남구 신세계백화점 앞', '목격목격', '2021-12-12', 4, 'N', 'N', 'O'),
	(13, 28, 'userid28', '목격제목테스트13', '믹스', 'X', '목격특징테스트13', '2021-10-20', '서울시 구로구 구로역 1번 출구', '목격내용', '2021-12-13', 4, 'N', 'N', 'O'),
	(14, 29, 'userid29', '목격제목테스트14', '믹스', 'X', '목격특징테스트14', '2021-10-20', '서울시 강남구 논현동 신논현역11번 출구 투썸 앞', '목격한 내용', '2021-12-14', 4, 'N', 'N', 'O'),
	(15, 30, 'userid30', '목격제목테스트15', '믹스', 'X', '목격특징테스트15', '2021-10-20', '경기도 수원시 영통구 롯데아울렛 앞', '목격 했습니다.', '2021-12-15', 4, 'N', 'N', 'O'),
	(16, 31, 'userid31', '목격제목테스트16', '믹스', 'X', '목격특징테스트16', '2021-10-20', '경기도 안양시 만안구 CGV 앞', '목격했습니다.', '2021-12-16', 4, 'N', 'N', 'O'),
	(17, 32, 'userid32', '목격제목테스트17', '믹스', 'X', '목격특징테스트17', '2021-10-27', '서울시 강남구 신세계백화점 앞', '목격목격', '2021-12-17', 4, 'N', 'N', 'O'),
	(18, 33, 'userid33', '목격제목테스트18', '믹스', 'X', '목격특징테스트18', '2021-10-27', '서울시 구로구 구로역 1번 출구', '목격내용', '2021-12-18', 4, 'N', 'N', 'O'),
	(19, 34, 'userid34', '목격제목테스트19', '믹스', 'X', '목격특징테스트19', '2021-10-27', '서울시 강남구 논현동 신논현역11번 출구 투썸 앞', '목격한 내용', '2021-12-19', 4, 'N', 'N', 'O'),
	(20, 35, 'userid35', '목격제목테스트20', '시츄', 'X', '목격특징테스트20', '2021-10-30', '경기도 수원시 영통구 롯데아울렛 앞', '목격 했습니다.', '2021-12-20', 4, 'N', 'N', 'O'),
	(21, 36, 'userid36', '목격제목테스트21', '시츄', 'X', '목격특징테스트21', '2021-10-30', '경기도 안양시 만안구 CGV 앞', '목격했습니다.', '2021-12-21', 4, 'N', 'N', 'O'),
	(22, 37, 'userid37', '목격제목테스트22', '시츄', 'X', '목격특징테스트22', '2021-10-30', '서울시 강남구 신세계백화점 앞', '목격목격', '2021-12-22', 4, 'N', 'N', 'O'),
	(23, 38, 'userid38', '목격제목테스트23', '시츄', 'X', '목격특징테스트23', '2021-11-02', '서울시 구로구 구로역 1번 출구', '목격내용', '2021-12-23', 4, 'N', 'N', 'O'),
	(24, 39, 'userid39', '목격제목테스트24', '시츄', 'X', '목격특징테스트24', '2021-11-02', '서울시 강남구 논현동 신논현역11번 출구 투썸 앞', '목격한 내용', '2021-12-24', 4, 'N', 'N', 'O'),
	(25, 40, 'userid40', '목격제목테스트25', '말티즈', 'X', '목격특징테스트25', '2021-11-02', '경기도 수원시 영통구 롯데아울렛 앞', '목격 했습니다.', '2021-12-25', 4, 'N', 'N', 'O'),
	(26, 41, 'userid41', '목격제목테스트26', '말티즈', 'X', '목격특징테스트26', '2021-11-02', '경기도 안양시 만안구 CGV 앞', '목격했습니다.', '2021-12-26', 4, 'N', 'N', 'O'),
	(27, 42, 'userid42', '목격제목테스트27', '말티즈', 'X', '목격특징테스트27', '2021-11-02', '서울시 강남구 신세계백화점 앞', '목격목격', '2021-12-27', 4, 'N', 'N', 'O'),
	(28, 43, 'userid43', '목격제목테스트28', '말티즈', 'X', '목격특징테스트28', '2021-11-02', '서울시 구로구 구로역 1번 출구', '목격내용', '2021-12-28', 4, 'N', 'N', 'O'),
	(29, 44, 'userid44', '목격제목테스트29', '말티즈', 'X', '목격특징테스트29', '2021-11-02', '서울시 강남구 논현동 신논현역11번 출구 투썸 앞', '목격한 내용', '2021-12-29', 4, 'N', 'N', 'O'),
	(30, 45, 'userid45', '목격제목테스트30', '말티즈', 'X', '목격특징테스트30', '2021-11-02', '경기도 수원시 영통구 롯데아울렛 앞', '목격 했습니다.', '2021-12-30', 4, 'N', 'N', 'O'),
	(31, 46, 'userid46', '목격제목테스트31', '말티즈', 'X', '목격특징테스트31', '2021-11-10', '경기도 안양시 만안구 CGV 앞', '목격했습니다.', '2021-12-31', 4, 'N', 'N', 'O'),
	(32, 47, 'userid47', '목격제목테스트32', '말티즈', 'X', '목격특징테스트32', '2021-11-10', '서울시 강남구 신세계백화점 앞', '목격목격', '2022-01-01', 4, 'N', 'N', 'O'),
	(33, 48, 'userid48', '목격제목테스트33', '말티즈', 'X', '목격특징테스트33', '2021-11-12', '서울시 구로구 구로역 1번 출구', '목격내용', '2022-01-02', 4, 'N', 'N', 'O'),
	(34, 49, 'userid49', '목격제목테스트34', '말티즈', 'X', '목격특징테스트34', '2021-11-13', '서울시 강남구 논현동 신논현역11번 출구 투썸 앞', '목격한 내용', '2022-01-03', 4, 'N', 'N', 'O'),
	(35, 50, 'userid50', '목격제목테스트35', '말티즈', 'X', '목격특징테스트35', '2021-11-14', '경기도 수원시 영통구 롯데아울렛 앞', '목격 했습니다.', '2022-01-04', 4, 'N', 'N', 'O'),
	(36, 51, 'userid51', '목격제목테스트36', '믹스', 'X', '목격특징테스트36', '2021-11-15', '서울시 강남구 논현동 신논현역11번 출구 투썸 앞', '목격했습니다.', '2022-01-05', 4, 'N', 'N', 'O'),
	(37, 52, 'userid52', '목격제목테스트37', '믹스', 'X', '목격특징테스트37', '2021-11-15', '경기도 수원시 영통구 롯데아울렛 앞', '목격목격', '2022-01-06', 4, 'N', 'N', 'O'),
	(38, 53, 'userid53', '목격제목테스트38', '믹스', 'X', '목격특징테스트38', '2021-11-15', '경기도 안양시 만안구 CGV 앞', '목격내용', '2022-01-07', 4, 'N', 'N', 'O'),
	(39, 54, 'userid54', '목격제목테스트39', '시츄', 'X', '목격특징테스트39', '2021-11-15', '서울시 강남구 신세계백화점 앞', '목격한 내용', '2022-01-08', 4, 'N', 'N', 'O'),
	(40, 55, 'userid55', '목격제목테스트40', '시츄', 'X', '목격특징테스트40', '2021-11-19', '서울시 구로구 구로역 1번 출구', '목격 했습니다.', '2022-01-09', 4, 'N', 'N', 'O'),
	(41, 56, 'userid56', '목격제목테스트41', '시츄', 'X', '목격특징테스트41', '2021-11-20', '서울시 강남구 논현동 신논현역11번 출구 투썸 앞', '목격했습니다.', '2022-01-10', 4, 'N', 'N', 'O'),
	(42, 57, 'userid57', '목격제목테스트42', '시츄', 'X', '목격특징테스트42', '2021-11-21', '경기도 수원시 영통구 롯데아울렛 앞', '목격목격', '2022-01-11', 4, 'N', 'N', 'O'),
	(43, 58, 'userid58', '목격제목테스트43', '시츄', 'X', '목격특징테스트43', '2021-11-22', '서울시 강남구 논현동 신논현역11번 출구 투썸 앞', '목격내용', '2022-01-12', 4, 'N', 'N', 'O'),
	(44, 59, 'userid59', '목격제목테스트44', '말티즈', 'X', '목격특징테스트44', '2021-11-22', '경기도 수원시 영통구 롯데아울렛 앞', '목격한 내용', '2022-01-13', 4, 'N', 'N', 'O'),
	(45, 60, 'userid60', '목격제목테스트45', '말티즈', 'X', '목격특징테스트45', '2021-11-22', '경기도 안양시 만안구 CGV 앞', '목격 했습니다.', '2022-01-14', 4, 'N', 'N', 'O'),
	(46, 61, 'userid61', '목격제목테스트46', '믹스', 'X', '목격특징테스트46', '2021-11-22', '서울시 강남구 신세계백화점 앞', '목격했습니다.', '2022-01-15', 4, 'N', 'N', 'O'),
	(47, 62, 'userid62', '목격제목테스트47', '믹스', 'X', '목격특징테스트47', '2021-11-22', '서울시 구로구 구로역 1번 출구', '목격목격', '2022-01-16', 4, 'N', 'N', 'O'),
	(48, 63, 'userid63', '목격제목테스트48', '믹스', 'X', '목격특징테스트48', '2021-11-27', '서울시 강남구 논현동 신논현역11번 출구 투썸 앞', '목격내용', '2022-01-17', 4, 'N', 'N', 'O'),
	(49, 64, 'userid64', '목격제목테스트49', '시츄', 'X', '목격특징테스트49', '2021-11-28', '경기도 수원시 영통구 롯데아울렛 앞', '목격한 내용', '2022-01-18', 4, 'N', 'N', 'O'),
	(50, 65, 'userid65', '목격제목테스트50', '시츄', 'X', '목격특징테스트50', '2021-11-29', '서울시 강남구 논현동 신논현역11번 출구 투썸 앞', '목격 했습니다.', '2022-01-19', 4, 'N', 'N', 'O');
/*!40000 ALTER TABLE `witnesstbl` ENABLE KEYS */;


-- 테이블 okeedokee.witnesscmt 구조 내보내기
CREATE TABLE IF NOT EXISTS `witnesscmt` (
  `num` int(11) NOT NULL AUTO_INCREMENT,
  `id` varchar(30) DEFAULT NULL,
  `cmt` varchar(255) DEFAULT NULL,
  `createdate` date DEFAULT curdate(),
  `bnum` int(11) DEFAULT NULL,
  PRIMARY KEY (`num`),
  KEY `bnum` (`bnum`),
  CONSTRAINT `FK_witnesscmt_witnesstbl` FOREIGN KEY (`bnum`) REFERENCES `witnesstbl` (`num`) ON DELETE NO ACTION ON UPDATE NO ACTION
) ENGINE=InnoDB AUTO_INCREMENT=3 DEFAULT CHARSET=utf8mb3;

-- 테이블 데이터 okeedokee.witnesscmt:~0 rows (대략적) 내보내기
DELETE FROM `witnesscmt`;
/*!40000 ALTER TABLE `witnesscmt` DISABLE KEYS */;
/*!40000 ALTER TABLE `witnesscmt` ENABLE KEYS */;


-- 테이블 okeedokee.imagetbl 구조 내보내기
CREATE TABLE IF NOT EXISTS `imagetbl` (
  `num` int(11) NOT NULL AUTO_INCREMENT,
  `bdiv` int(11) DEFAULT NULL,
  `bnum` int(11) DEFAULT NULL,
  `serverName` varchar(255) DEFAULT NULL,
  `localName` varchar(255) DEFAULT NULL,
  PRIMARY KEY (`num`)
) ENGINE=InnoDB AUTO_INCREMENT=47 DEFAULT CHARSET=utf8mb3;

-- 테이블 데이터 okeedokee.imagetbl:~0 rows (대략적) 내보내기
DELETE FROM `imagetbl`;
/*!40000 ALTER TABLE `imagetbl` DISABLE KEYS */;
INSERT INTO `imagetbl` (`num`, `bdiv`, `bnum`, `serverName`, `localName`) VALUES
	(40, 3, 51, '0f83f3b9-e181-4292-9f55-3cbaae47926b', '강아지3.jpg'),
	(41, 3, 51, '312031bd-e1f1-48cc-9eab-646cd26c4438', '강아지2.jpg'),
	(42, 3, 51, '1138afc9-3a76-4304-b9b2-2d081206fac0', '강아지1.jpg'),
	(45, 3, 52, 'fc837846-ba27-4c88-8703-80f70127820b', '강아지2.jpg'),
	(46, 3, 52, '7ef83cfe-34e3-43e2-8243-4c8ec0fab5f1', '강아지1.jpg');
/*!40000 ALTER TABLE `imagetbl` ENABLE KEYS */;


-- 테이블 okeedokee.reportcmt 구조 내보내기
CREATE TABLE IF NOT EXISTS `reportcmt` (
  `num` int(11) NOT NULL AUTO_INCREMENT,
  `id` varchar(30) DEFAULT NULL,
  `cmt` varchar(255) DEFAULT NULL,
  `createdate` date DEFAULT curdate(),
  `bnum` int(11) DEFAULT NULL,
  PRIMARY KEY (`num`),
  KEY `bnum` (`bnum`),
  CONSTRAINT `FK_reportcmt_reporttbl` FOREIGN KEY (`bnum`) REFERENCES `reporttbl` (`num`) ON DELETE NO ACTION ON UPDATE NO ACTION
) ENGINE=InnoDB DEFAULT CHARSET=utf8mb3;

-- 테이블 데이터 okeedokee.reportcmt:~0 rows (대략적) 내보내기
DELETE FROM `reportcmt`;
/*!40000 ALTER TABLE `reportcmt` DISABLE KEYS */;
/*!40000 ALTER TABLE `reportcmt` ENABLE KEYS */;

-- 테이블 okeedokee.reporttbl 구조 내보내기
CREATE TABLE IF NOT EXISTS `reporttbl` (
  `num` int(11) NOT NULL AUTO_INCREMENT,
  `mnum` int(11) DEFAULT NULL,
  `id` varchar(30) DEFAULT NULL,
  `title` varchar(30) DEFAULT NULL,
  `content` varchar(255) DEFAULT NULL,
  `createdate` date DEFAULT curdate(),
  `bdiv` int(11) DEFAULT 1,
  `status` varchar(1) DEFAULT 'N' COMMENT 'N(신고접수)/Y(처리및답변완료)',
  `del` varchar(50) DEFAULT 'N',
  `url` varchar(100) DEFAULT NULL COMMENT '신고글 바로가기 주소',
  PRIMARY KEY (`num`),
  KEY `mnum` (`mnum`),
  CONSTRAINT `FK_reporttbl_member` FOREIGN KEY (`mnum`) REFERENCES `member` (`mnum`) ON DELETE NO ACTION ON UPDATE NO ACTION
) ENGINE=InnoDB AUTO_INCREMENT=8 DEFAULT CHARSET=utf8mb3;

-- 테이블 데이터 okeedokee.reporttbl:~0 rows (대략적) 내보내기
DELETE FROM `reporttbl`;
/*!40000 ALTER TABLE `reporttbl` DISABLE KEYS */;
INSERT INTO `reporttbl` (`num`, `mnum`, `id`, `title`, `content`, `createdate`, `bdiv`, `status`, `del`, `url`) VALUES
	(7, 2, 'userid02', '연동신고테스트1', '<p>작성자는 허위로 목격 제보를 올렸습니다.</p><p>증거는 블라블라</p><p>처리 바랍니다.</p>', '2022-02-03', 1, 'N', 'N', 'http://localhost:8080/okeedokee/read?bdiv=4&num=50');
/*!40000 ALTER TABLE `reporttbl` ENABLE KEYS */;


/*!40101 SET SQL_MODE=IFNULL(@OLD_SQL_MODE, '') */;
/*!40014 SET FOREIGN_KEY_CHECKS=IFNULL(@OLD_FOREIGN_KEY_CHECKS, 1) */;
/*!40101 SET CHARACTER_SET_CLIENT=@OLD_CHARACTER_SET_CLIENT */;
/*!40111 SET SQL_NOTES=IFNULL(@OLD_SQL_NOTES, 1) */;
